530437404	achievement_description	Clear the first transmission	完成第一段传输
1230447589	achievement_name	Hydrogen Line	氢谱线
590360906	achievement_description	Complete Act 5	完成第五幕
1263662261	achievement_name	Act 5	第五幕
683989200	achievement_description	Complete Act 6	完成第六幕
107697523	achievement_name	Act 6	第六幕
1357630214	achievement_description	Complete Act 7	完成第七幕
2142871830	achievement_name	Act 7	第七幕
458054476	achievement_description	Reach Transmission 512	到达第 512 段传输
597123438	achievement_name	Quadruple Digits!!!!	四位数了！！！！
2144505575	achievement_description	Complete Act 8	完成第八幕
983001388	achievement_name	Act 8	第八幕
84275305	achievement_description	Complete Act 9	完成第九幕
1266183247	achievement_name	Act 9	第九幕
1910595638	achievement_description	Complete Act 10	完成第十幕
337798226	achievement_name	Act 10	第十幕
1066030122	achievement_description	Complete Act 11	完成第十一幕
1031579594	achievement_name	Act 11	第十一幕
2005421382	achievement_description	Complete Act 12	完成第十二幕
899404945	achievement_name	Act 12	第十二幕
1302333023	achievement_description	Clear Week 52	完成第 52 周
553744869	achievement_name	One Year	整整一年
219416062	achievement_description	Complete the first transmission group	完成第一个传输组
1544586780	achievement_name	Hello World!	Hello World！
1393899657	achievement_description	Complete the translation	完成翻译工作
2043981060	achievement_name	The Message from Deep Space	来自深空的讯息
2079388507	achievement_description	Meet the aliens	见到外星人
1790171215	achievement_name	Intergalactic Companions	星际伙伴
1945179814	achievement_description	Reopen the game to say goodbye	重新打开游戏，与大家道别
1599721911	achievement_name	One Last Goodbye	最后一次道别
2046607451	achievement_description	Add your first term to the dictionary	向词典添加第一个词
1568066198	achievement_name	Baby's First Words	宝宝开口了
1610284995	achievement_description	Add 8 terms to the dictionary	向词典添加 8 个词
2142064503	achievement_name	Octet	八位组
674416521	achievement_description	Add 16 terms to the dictionary	向词典添加 16 个词
574265685	achievement_name	Wordsmith	遣词高手
914381634	achievement_description	Add 64 terms to the dictionary	向词典添加 64 个词
1431916083	achievement_name	Lexicographer	词典编纂家
296969014	achievement_description	Name 100 dictionary entries	为 100 个词典条目命名
1146052502	achievement_name	Vocabularian	词汇达人
1450277429	achievement_description	Add 200 terms to the dictionary	向词典添加 200 个词
1212002553	achievement_name	Master of Language	语言大师
1239397848	achievement_description	Divide by 0… somehow	不知怎么的……除以了 0
1603169349	achievement_name	CRASH!	崩溃！
38122245	achievement_description	Complete the first week	完成第一周
1196371881	achievement_name	Week 1	第一周
1983876539	achievement_description	Screensaver lands perfectly in the corner	让屏保图案完美撞上角落
692691244	achievement_name	Satisfying	真舒坦
1924347855	achievement_description	Celebrate Alan’s Birthday (January 31)	庆祝艾伦的生日（1 月 31 日）
1001709443	achievement_description	Celebrate Bautista’s Birthday (October 2)	庆祝巴蒂斯塔的生日（10 月 2 日）
1790544396	achievement_description	Celebrate Collins’s Birthday (December 14)	庆祝柯林斯的生日（12 月 14 日）
1673329728	achievement_description	Celebrate Doppler’s Birthday (May 12)	庆祝多普勒的生日（5 月 12 日）
791591038	achievement_name	Golden Raygun	黄金射线枪
1798531183	achievement_description	Complete the 1st level of Shape Run	完成图形跑酷第一关
1987361747	achievement_name	Stereo Madness	立体狂潮
1959666835	achievement_description	Complete the 2nd level of Shape Run	完成图形跑酷第二关
2076359130	achievement_name	Back on Track	重回正轨
1120416951	achievement_description	Complete the 3rd level of Shape Run	完成图形跑酷第三关
1794996672	achievement_name	Unleashed	势不可挡
910647032	achievement_description	Draw and run a glider pattern in CGoL	在生命游戏（CGoL）中绘制并运行滑翔机图案
207846737	achievement_name	Tiny Spaceship	小小飞船
1120705932	achievement_description	Reach transmission 64	到达第 64 段传输
1286547760	achievement_name	Triple Digits??	三位数？？
973858226	achievement_description	Complete Act 1	完成第一幕
1769274635	achievement_name	Act 1	第一幕
216112388	achievement_description	Reach Transmission 100	到达第 100 段传输
1899695708	achievement_name	Triple Digits!!!	三位数！！！
1001020414	achievement_description	Win the employee of the week trophy	赢得本周最佳员工奖杯
2041849662	achievement_name	Employee of the Week	本周最佳员工
658962308	achievement_description	Complete Act 2	完成第二幕
1054792523	achievement_name	Act 2	第二幕
459164097	achievement_description	Complete Act 3	完成第三幕
717075823	achievement_name	Act 3	第三幕
1643741611	achievement_description	Complete Act 4	完成第四幕
980725735	achievement_name	Act 4	第四幕
1828827164	ui_fragment	Abundance: 	丰度：
1187036794	ui_fragment	Abundance: trace	丰度：微量
535937796	ui_fragment	 | Element 	 | 元素 
262183663	ui_fragment	Half-Life: 	半衰期：
1791353906	ui_fragment	Half-Life: Almost Instantaneous	半衰期：近乎瞬时
450307557	ui_fragment	Isotope: 	同位素：
1708816611	ui_fragment	Neutrons: 	中子：
1852409398	ui_fragment	Stable: no	稳定：否
1220546835	ui_fragment	Stable: yes	稳定：是
116804942	ui_template	Atomic Mass: {DYN_0}	原子质量：{DYN_0}
36068516	ui_template	Atomic Number: {DYN_0}	原子序数：{DYN_0}
1924396961	ui_template	<= 0 invalid logarithm	<= 0，对数无效
1232517043	ui_template	A too large (>{DYN_0})	A 过大（>{DYN_0}）
1065125854	ui_template	{DYN_0} already "{DYN_1}"	{DYN_0} 已命名为“{DYN_1}”
1980078840	ui_template	Failed to parse function	函数解析失败
1197536718	ui_template	Transmission: {DYN_0}, Time: {DYN_1}	传输：{DYN_0}，时间：{DYN_1}
1197106115	ui_template	{DYN_0} {DYN_1} is invalid 	{DYN_0} {DYN_1} 无效 
1393769582	ui_template	No {DYN_0} in {DYN_1} {DYN_2}	没有{DYN_0}：{DYN_1} {DYN_2}
2035820201	ui_template	NAME {DYN_0} IN DICTIONARY	在词典中命名 {DYN_0}
1556707603	ui_template	GROUP {DYN_0} - {DYN_1}	第 {DYN_0} 组 - {DYN_1}
1969024798	ui_template	Path: {DYN_0}	路径：{DYN_0}
2071171491	ui_template	Universal Abundance: {DYN_0}	宇宙丰度：{DYN_0}
643037645	ui_text	ACHIEVEMENTS	成就
257994715	ui_text	AUTOSAVING...	正在自动保存……
1354597142	ui_text	1-Input Funcs	单输入函数
998524590	ui_text	cos	cos
1064393028	ui_text	sin	sin
824994031	ui_text	tan	tan
875290730	ui_text	2-Input Funcs	双输入函数
993397617	ui_text	Base-8 Round	八进制舍入
1565754041	ui_text	Log	对数
813048314	ui_text	Round	舍入
161126940	ui_text	Filogram	Filogram
1374439509	ui_text	Filogram	Filogram
1553463229	ui_text	Filogram	Filogram
243076870	ui_text	Filogram	Filogram
1657925935	ui_text	Filogram	Filogram
404087058	ui_text	Filogram	Filogram
1998994866	ui_text	Filogram	Filogram
1250132379	ui_text	Filogram	Filogram
2086702022	ui_text	Filogram	Filogram
434441691	ui_text	Filogram	Filogram
943233538	ui_text	Filogram	Filogram
773826240	ui_text	Filogram	Filogram
1111349688	ui_text	Custom	自定义
1890721413	ui_text	Done	完成
1972487550	ui_text	Var	变量
1773991542	ui_text	Name: 	名称：
1490060713	ui_text	Edit Variable	编辑变量
1390281722	ui_text	Value:	值：
1293677666	ui_text	Output:	输出：
616643382	ui_text	(do not divide by 0)	（请勿除以 0）
704862098	ui_text	Select a Variable to Edit	选择要编辑的变量
892082402	ui_text	CALCULATOR	计算器
302526275	ui_text	Mission Time: 	任务时间：
690927982	ui_text	CALENDAR	日历
1631970813	ui_text	CONSOLE LOADER	控制台加载程序
1693892546	ui_text	<000000>PRACTICE	<000000>练习
2059018469	ui_text	HIDE DEV MESSAGE	隐藏开发者讯息
1125717145	ui_text	<u>Pineview High School</u>\nOrange County \n1965 COUNTY CHAMPIONS	<size=75%><u>松景高中</u>\n\n奥兰治县\n\n1965 年县冠军</size>
925800476	ui_text	Individual Science Academic\n1961 Oakfalls Brain Battle\n<u>Layla Doppler</u>	个人科学学术奖\n1961 年奥克福尔斯脑力大战\n<u>莱拉·多普勒</u>
606068084	ui_text	Bradley Doppler\nKNIGHT OF HONOR	布拉德利·多普勒\n荣誉骑士
154292881	ui_text	LAYLA DOPPLER\n~\nFirst Chair Clarinet\nPineview High School	莱拉·多普勒\n~\n单簧管首席\n松景高中
1244632714	ui_text	<u>Flot Doppler</u>\n<i>Tennis Team Captain</i>\n1970	<u>弗洛特·多普勒</u>\n<i>网球队队长</i>\n1970
2072433965	ui_text	<u>Bradley Doppler</u>\nPole Vault \n<i>District 4A Champion\n1967</i>	<u>布拉德利·多普勒</u>\n撑竿跳高\n<i>4A 区冠军\n1967</i>
950418152	ui_text	BAUTISTA	巴蒂斯塔
1455691808	ui_text	COLLINS	柯林斯
349460163	ui_text	AKERS	埃克斯
473542792	ui_text	DOPPLER	多普勒
1278158731	ui_text	2 NEW LINE	两个换行
980582335	ui_text	2 NEW LINE	两个换行
923095128	ui_text	AFTER	之后
7647443	ui_text	BEFORE	之前
404479079	ui_text	Default for new Words:	新词默认格式：
1959998143	ui_text	NO SPACE	无空格
1729579834	ui_text	NO SPACE	无空格
886350004	ui_text	SPACE	空格
715423746	ui_text	SPACE	空格
127481584	ui_text	VALIDATE DICTIONARY	验证词典
1119878716	ui_text	Will add missing entries to dictionary	会将缺失条目添加到词典
1320762325	ui_text	NEW LINE	换行
1255919745	ui_text	NEW LINE	换行
920356658	ui_text	2 NEW LINE	两个换行
452130034	ui_text	2 NEW LINE	两个换行
1459760023	ui_text	AFTER	之后
1965470704	ui_text	BEFORE	之前
419713360	ui_text	BREAK ON DOUBLE	遇重复项换行
380053682	ui_text	APPEND TO LINE	追加到本行
2078621011	ui_text	NEW LINE	换行
1269020166	ui_text	NO SPACE	无空格
2096024150	ui_text	NO SPACE	无空格
1743113092	ui_text	APPEND NO SPACE	直接追加
1163592514	ui_text	SPACE	空格
1209372914	ui_text	SPACE	空格
1468585260	ui_text	COMPILE SETTINGS	编译设置
1598663325	ui_text	UNIQUE LINE	单独成行
192155445	ui_text	NEW LINE	换行
1785888706	ui_text	NEW LINE	换行
1556090378	ui_text	Introduced: 	首次出现：
1768366509	ui_text	ALAN'S GUESS	艾伦的猜测
881399902	ui_text	AKERS:	埃克斯：
1176122524	ui_text	BAUTISTA'S GUESS	巴蒂斯塔的猜测
639264714	ui_text	bautista: 	巴蒂斯塔：
398871005	ui_text	COLLINS'S GUESS	柯林斯的猜测
1230680980	ui_text	collins: 	柯林斯：
1187072266	ui_text	HYPOTHESES	假说
182453387	ui_text	ID:	ID：
434545257	ui_text	NOTES NOTES NOTES NOTES NOTES NOTES NOTES NOTES notes NOTES NOTES NOTES NOTES NOTES NOTES NOTES NOTES NOTES NOTES NOTES NOTES NOTES NOTES notes NOTES NOTESN OTES NOTESN NTOES NOTESN OTESNOT NESOTN EOTSNO NTEOSN TOESN OTESN OTNESO NTOESNO TESNO TNEOSNOT ESNO TESNO TNEOSNO TESNOT ENSO NTEOSN OTENSONO TESONNO TES O TESNOT ENSO NTEOSN OTENSONO TESONNO TES O TESNOT ENSO NTEOSN OTENSONO TESONNO TES	注释 注释 注释 注释 注释 注释 注释 注释 注释 注释 注释 注释 注释 注释 注释 注释 注释 注释 注释 注释 注释 注释 注释 注释 注释 注释 注释 注释 注释 注释 注释 注释 注释 注释 注释 注释 注释 注释 注释 注释 注释 注释 注释 注释 注释 注释 注释 注释 注释 注释 注释 注释 注释 注释 注释 注释 注释 注释 注释 注释
192717642	ui_text	TRANSLATOR's NOTES:	翻译员注释：
1192727432	ui_text	FORMATTING	格式
804930785	ui_text	HYPOTHESES	假说
1729747849	ui_text	SOMETHIN' BUGGED!!	出错了！！
853962010	ui_text	WORD: 	词：
768056753	ui_text	GLOBAL	全局
873958976	ui_text	-256 already "yaggleyaggle"	-256 已命名为“yaggleyaggle”
1029419595	ui_text	DICTIONARY	词典
1381079315	ui_text	*** Idea Available ***	*** 有新想法 ***
1354861644	ui_text	*** Idea Available ***	*** 有新想法 ***
1409874647	ui_text	*** Idea Still Ready ***	*** 想法仍待处理 ***
344006397	ui_text	*** Idea Sent to Auto-Log ***	*** 想法已发送到自动日志 ***
1617395185	ui_text	*** Ideas Logged ***	*** 想法已记入日志 ***
299551856	ui_text	mark all read	全部标为已读
1416690777	ui_text	--- NO IDEAS YET ---	--- 暂无想法 ---
1252726432	ui_text	IDEAS	想法
579588563	ui_text	RECOMPILE	重新编译
1677677581	ui_text	RESPOND	回应
955091222	ui_text	OUTPUT\n	输出\n
508314218	ui_text	CLEAR	清空
237079291	ui_text	BACK	返回
1215648383	ui_text	SUBMIT	提交
111514071	ui_text	NAME SIGNAL -256	为信号 -256 命名
824827691	ui_text	INPUT	输入
1423908467	ui_text	TRANSCRIPT:	记录：
69131059	ui_text	MISSION TIME	任务时间
1401079708	ui_text	TITLE TITLE TITLE TITLE TITLE TITLE TITLE TITLE TI	标题 标题 标题 标题 标题 标题 标题 标题 标
1712695678	ui_text	TRANSMISSION	传输
1479938253	ui_text	LOG	日志
704047260	ui_text	Game by \nApplesinmypants	游戏制作：\nApplesinmypants
1203630434	ui_text	JOIN THE MISSION!	加入任务！
410559930	ui_text	Delete Progress?	删除进度？
428590911	ui_text	Yes, \nDelete file and close game	是，\n删除文件并关闭游戏
530384281	ui_text	No, \ncontinue with this file	否，\n继续使用此文件
1943151626	ui_text	Old files will be renamed from TMFDS.SAVE and DICTIONARY-1.SAVE to TMFDS-OLD-X.SAVE and DICTIONARY-1-OLD-X.SAVE. To restore old files, fix the renaming. \n\n\n\n\n\nManually tampering with files will likely make the game unplayable. 	旧文件将从 TMFDS.SAVE 和 DICTIONARY-1.SAVE 重命名为 TMFDS-OLD-X.SAVE 和 DICTIONARY-1-OLD-X.SAVE。要恢复旧文件，请改回文件名。\n\n\n\n\n\n手动篡改文件很可能导致游戏无法运行。 
1974406803	ui_text	Path: C:\Users\caden\AppData\LocalLow\Applesinmypants\The Message From Deep Space	路径：C:\Users\caden\AppData\LocalLow\Applesinmypants\The Message From Deep Space
952925813	ui_text	Show where my files are stored	显示文件存储位置
1289650313	ui_text	This will delete all progress	这会删除全部进度
97504443	ui_text	HANDLE SAVE FILE	管理存档文件
1602084712	ui_text	JOIN THE COMMUNITY!	加入社区！
325340714	ui_text	SAVE	保存
1989899784	ui_text	SAVE AND QUIT	保存并退出
780719420	ui_text	WISHLIST TODAY!	立即加入愿望单！
2109676560	ui_text	MENU	菜单
1554983148	ui_text	Vers. 1.2.1	版本 1.2.1
1153273962	ui_text	METEOR_OS vXXX SHUT DOWN : INIT\n(0x88B0A102) CPU @ 4MHz\n\nCMOS ... 99%\n\n-FREE BAU_CORE_XXX.MOS \n-FREE DUAL_GUI.MOS ... OK\n-FREEAUTO_LOG.MOS ... OK\n-FREE TRANSLATION.MOS ... OK\n\nDDD CCC (AKDT)\nTOTAL OPERATION TIME: TTT\n\nDE-ALLOCATING 221033 BYTES ... OK\nMEMORY FREE : 262144\n\n\n\nSYSTEM OFFLINE	METEOR_OS vXXX 关机：开始\n(0x88B0A102) CPU @ 4MHz\n\nCMOS……99%\n\n-释放 BAU_CORE_XXX.MOS\n-释放 DUAL_GUI.MOS……正常\n-释放 AUTO_LOG.MOS……正常\n-释放 TRANSLATION.MOS……正常\n\nDDD CCC (AKDT)\n总运行时间：TTT\n\n正在释放 221033 字节……正常\n可用内存：262144\n\n\n\n系统离线
1073871995	ui_text	The 2 pilots at the end really should not have much to say. 	结尾的两名驾驶员确实不该说太多。 
1173569512	ui_text	Dr.	博士
1858160456	ui_text	Is this good?	这样可以吗？
1608066135	ui_text	Translator	翻译员
1937653358	ui_text	Sorry! Name's taken !!	抱歉！这个名字已被占用！！
1789588877	ui_text	What is your name?	你叫什么名字？
338062339	ui_text	"ACKNOWLEDGE US"	“回应我们”
1197603192	ui_text	ACT III - PART II - COMPLETE	第三幕 - 第二部分 - 完成
1283514494	ui_text	ACT IV - PART I	第四幕 - 第一部分
1697785919	ui_text	CONTINUE	继续
34267726	ui_text	Words:....................................0	词：....................................0
1593732694	ui_text	Total Transmissions:......................0	传输总数：..............................0
820902157	ui_text	Total Words:..............................0 	词语总数：..............................0 
242724901	ui_text	Groups Completed: \n1. Logic 2. Numerical Logic 3. Geometry Logic 4. I don't know 5. Filler Filler	已完成组：\n1. 逻辑 2. 数值逻辑 3. 几何逻辑 4. 不知道 5. 填充内容
1504244238	ui_text	Transmissions:............................0	传输：............................0
1543450219	ui_text	Words named: THE, MESSAGE, FROM, DEEP, SPACE, APPLES, IN, MY, PANTS	已命名词语：THE、MESSAGE、FROM、DEEP、SPACE、APPLES、IN、MY、PANTS
1323264476	ui_text	Week one	第一周
889539848	ui_text	Your colleagues have some ideas for what these signals mean...	同事们对这些信号的含义有了一些想法……
1361118451	ui_text	View the hypotheses inside each entry in the dictionary.\n(Dictionary -> Entry Notes -> Hypotheses)	可在词典各条目中查看假说。\n（词典 -> 条目注释 -> 假说）
1038255854	ui_text	Alan's Journal: 	艾伦的手记：
225443194	ui_text	Bautista's Log: asef\nasdf\nasdf\nasdasdfasdfasdfasdfasdfaddddddddddddddddddddddddddddddddddddddddddddddddddddddddddddddd	巴蒂斯塔的日志：asef\nasdf\nasdf\nasdasdfasdfasdfasdfasdfaddddddddddddddddddddddddddddddddddddddddddddddddddddddddddddddd
1208227984	ui_text	Bautista's Log: 	巴蒂斯塔的日志：
1345606384	ui_text	Carrie's Diary: asef\nasdf\nasdf\nasdasdfasdfasdfasdfasdfaddddddddddddddddddddddddddddddddddddddddddddddddddddddddddddddd	凯莉的日记：asef\nasdf\nasdf\nasdasdfasdfasdfasdfasdfaddddddddddddddddddddddddddddddddddddddddddddddddddddddddddddddd
1830968723	ui_text	Carrie's Diary: 	凯莉的日记：
1790108899	ui_text	Doppler's Report: asef\nasdf\nasdf\nasdasdfasdfasdfasdfasdfaddddddddddddddddddddddddddddddddddddddddddddddddddddddddddddddd\nasdfasd\nfasdfasd\nfasd\nfas\ndfa\nsdf\nasdfasdfafffffffffffffffffffffffffffffffffffffffffffffffffffffffffffffffffffffffffffffffffffffffffffffffffffffffffffff	多普勒的报告：asef\nasdf\nasdf\nasdasdfasdfasdfasdfasdfaddddddddddddddddddddddddddddddddddddddddddddddddddddddddddddddd\nasdfasd\nfasdfasd\nfasd\nfas\ndfa\nsdf\nasdfasdfafffffffffffffffffffffffffffffffffffffffffffffffffffffffffffffffffffffffffffffffffffffffffffffffffffffffffffff
469723787	ui_text	Doppler's Report: 	多普勒的报告：
1810487488	ui_text	When finished writing, press [ESC]	写完后按 [ESC]
979636261	ui_text	Translator's Thoughts: 	翻译员的想法：
324453670	ui_text	*** Transmissions Grouped ***	*** 传输已分组 ***
2138201434	ui_text	GROUP 1 - Hello World!	第 1 组 - Hello World！
1379005194	ui_text	GROUP 101 - In Both Directions	第 101 组 - 双向
1221645921	ui_text	GROUP 102 - Attract & Repel	第 102 组 - 吸引与排斥
564751070	ui_text	GROUP 103 - Electricity Organ	第 103 组 - 发电器官
1545212858	ui_text	GROUP 104 - Emotion Organ	第 104 组 - 情绪器官
2075580071	ui_text	GROUP 105 - History of the Species	第 105 组 - 物种史
153294150	ui_text	GROUP 106 - History of the Species 2	第 106 组 - 物种史 2
1392183828	ui_text	GROUP 107 - Intelligence	第 107 组 - 智能
746786552	ui_text	GROUP 108 - Language	第 108 组 - 语言
721611919	ui_text	GROUP 109 - Cooperation	第 109 组 - 合作
2048323874	ui_text	GROUP 110 - Fact & Belief	第 110 组 - 事实与信念
1953862764	ui_text	GROUP 11 - Grouping Symbols	第 11 组 - 分组符号
1721204499	ui_text	GROUP 111 - Culture	第 111 组 - 文化
635681021	ui_text	GROUP 112 - Alien Morality	第 112 组 - 外星道德
1952253426	ui_text	GROUP 113 - Meteor Morality	第 113 组 - 陨石道德
445251273	ui_text	GROUP 114 - Belief Structures	第 114 组 - 信念体系
698819130	ui_text	GROUP 115 - Socialization	第 115 组 - 社会化
1372968098	ui_text	GROUP 116 - Intelligent Communication	第 116 组 - 智能交流
1664059778	ui_text	GROUP 117 - Capabilities	第 117 组 - 能力
8621273	ui_text	GROUP 118 - Methods of Communication	第 118 组 - 交流方式
2080832079	ui_text	GROUP 119 - How Life Maneuvers	第 119 组 - 生命如何移动
1308724973	ui_text	GROUP 120 - Physical Abilities	第 120 组 - 身体能力
1487952788	ui_text	GROUP 12 - Geometric Points	第 12 组 - 几何点
1344053291	ui_text	GROUP 121 - Alien Sizes & Shapes	第 121 组 - 外星生物的大小与形状
292707982	ui_text	GROUP 122 - Individual Talent	第 122 组 - 个体天赋
1254647069	ui_text	GROUP 123 - Spirit of Competition	第 123 组 - 竞争精神
1977079088	ui_text	GROUP 124 - Individual Expression	第 124 组 - 个体表达
853396856	ui_text	GROUP 125 - Compartmentalization	第 125 组 - 区隔化
2040519150	ui_text	GROUP 126 - Radial Symmetry	第 126 组 - 放射对称
192285698	ui_text	GROUP 127 - Alien Ethics	第 127 组 - 外星伦理
2119143411	ui_text	GROUP 128 - Suffering	第 128 组 - 苦难
1192196959	ui_text	GROUP 129 - Views on Death	第 129 组 - 死亡观
61459016	ui_text	GROUP 130 - Experience	第 130 组 - 经验
1255436696	ui_text	GROUP 13 - Points and Lines	第 13 组 - 点与线
724484821	ui_text	GROUP 131 - Views on Connection	第 131 组 - 联系观
1664111488	ui_text	GROUP 132 - Personal Beliefs	第 132 组 - 个人信念
762958618	ui_text	GROUP 133 - Ripples We Cast	第 133 组 - 我们激起的涟漪
1488204229	ui_text	GROUP 134 - Limits on Information	第 134 组 - 信息的极限
575419496	ui_text	GROUP 135 - Advancement	第 135 组 - 进步
1598862778	ui_text	GROUP 136 - Spatial Dimensions	第 136 组 - 空间维度
1706360894	ui_text	GROUP 137 - Energy	第 137 组 - 能量
1613600097	ui_text	GROUP 138 - Machine	第 138 组 - 机器
546518502	ui_text	GROUP 139 - Frontiers	第 139 组 - 边界
1830855740	ui_text	GROUP 140 - Frontiers 2	第 140 组 - 边界 2
865420269	ui_text	GROUP 14 - Shapes	第 14 组 - 形状
1900402103	ui_text	GROUP 141 - Frontiers 3	第 141 组 - 边界 3
1680567617	ui_text	GROUP 142 - Alien Technology	第 142 组 - 外星技术
284397513	ui_text	GROUP 143 - Preparing for the End	第 143 组 - 为终局做准备
2144581810	ui_text	GROUP 144 - Hello	第 144 组 - 你好
2066618593	ui_text	GROUP 145 - Thank You	第 145 组 - 谢谢
1914840810	ui_text	GROUP 15 - Data	第 15 组 - 数据
13590280	ui_text	GROUP 16 - Rounding	第 16 组 - 舍入
1664376830	ui_text	GROUP 17 - Multi-Part Answers	第 17 组 - 多部分答案
1929295504	ui_text	GROUP 18 - Logic	第 18 组 - 逻辑
477708664	ui_text	GROUP 19 - Numerical Comparisons	第 19 组 - 数值比较
2011803111	ui_text	GROUP 20 - Propositional Logic	第 20 组 - 命题逻辑
1689879219	ui_text	GROUP 2 - Format Numbers	第 2 组 - 数字格式
1579396061	ui_text	GROUP 21 - Geometry Logic	第 21 组 - 几何逻辑
164047183	ui_text	GROUP 22 - Make	第 22 组 - 制造
1351796425	ui_text	GROUP 23 - Move	第 23 组 - 移动
2093618794	ui_text	GROUP 24 - Meteor Signals	第 24 组 - 陨石信号
562351686	ui_text	GROUP 25 - Message	第 25 组 - 讯息
1910604621	ui_text	GROUP 26 - Circles & Spheres	第 26 组 - 圆与球
1174695776	ui_text	GROUP 27 - Spatial Dimensions	第 27 组 - 空间维度
1039544990	ui_text	GROUP 28 - Place Spheres	第 28 组 - 放置球体
165695269	ui_text	GROUP 29 - Visual Information	第 29 组 - 视觉信息
2077947905	ui_text	GROUP 30 - Color Calibration	第 30 组 - 色彩校准
2029936563	ui_text	GROUP 3 - Math Operations	第 3 组 - 数学运算
1403450479	ui_text	GROUP 31 - Glimpse of an Alien	第 31 组 - 外星生物一瞥
1330128110	ui_text	GROUP 32 - Elements	第 32 组 - 元素
843539348	ui_text	GROUP 33 - Atoms	第 33 组 - 原子
130285797	ui_text	GROUP 34 - Chemical Compounds	第 34 组 - 化合物
508429298	ui_text	GROUP 35 - Chemical Reactions	第 35 组 - 化学反应
2052993277	ui_text	GROUP 36 - Elemental Properties	第 36 组 - 元素性质
1571643363	ui_text	GROUP 37 - Subatomic	第 37 组 - 亚原子
70590900	ui_text	GROUP 38 - Radioactive Decay	第 38 组 - 放射性衰变
1811004155	ui_text	GROUP 39 - Time	第 39 组 - 时间
1008709412	ui_text	GROUP 40 - Position Calculations	第 40 组 - 位置计算
618358020	ui_text	GROUP 4 - More Operations	第 4 组 - 更多运算
187625068	ui_text	GROUP 41 - Distance Units	第 41 组 - 距离单位
798494415	ui_text	GROUP 42 - Mass Units	第 42 组 - 质量单位
472335235	ui_text	GROUP 43 - Meteor Info	第 43 组 - 陨石信息
1517999746	ui_text	GROUP 44 - Alternative	第 44 组 - 另一种
946911446	ui_text	GROUP 45 - Parts of Speech	第 45 组 - 词性
343167054	ui_text	GROUP 46 - Sentence Construction	第 46 组 - 句子构造
2092450003	ui_text	GROUP 47 - Opposite	第 47 组 - 相反
1055116508	ui_text	GROUP 48 - Break Things	第 48 组 - 破坏
242594178	ui_text	GROUP 49 - Nuclear Fusion	第 49 组 - 核聚变
1485404655	ui_text	GROUP 50 - Stars	第 50 组 - 恒星
400372500	ui_text	GROUP 5 - Fractional Numbers	第 5 组 - 分数值
194562328	ui_text	GROUP 51 - Motion	第 51 组 - 运动
764087333	ui_text	GROUP 52 - Circular Motion	第 52 组 - 圆周运动
670810410	ui_text	GROUP 53 - Star System Bodies	第 53 组 - 恒星系统天体
748699108	ui_text	GROUP 54 - Natural Satellites	第 54 组 - 天然卫星
1694723812	ui_text	GROUP 55 - Deep Space Structures	第 55 组 - 深空结构
1570022593	ui_text	GROUP 56 - How to Find Aliens	第 56 组 - 如何寻找外星生物
1620791487	ui_text	GROUP 57 - Subgrouping	第 57 组 - 子分组
884134084	ui_text	GROUP 58 - Some ? Group	第 58 组 - 某个？组
1400075150	ui_text	GROUP 59 - Parts of Speech	第 59 组 - 词性
1579925928	ui_text	GROUP 60 - Carbon Compound Visuals	第 60 组 - 碳化合物图像
263816726	ui_text	GROUP 6 - Groups	第 6 组 - 分组
2096483411	ui_text	GROUP 61 - Carbon and Hydrogen	第 61 组 - 碳与氢
553836001	ui_text	GROUP 62 - Reactions of Interest	第 62 组 - 关注的反应
1194215664	ui_text	GROUP 63 - Life Reproduces	第 63 组 - 生命繁殖
671892917	ui_text	GROUP 64 - Abstraction	第 64 组 - 抽象
1968002192	ui_text	GROUP 65 - Abstract Equality	第 65 组 - 抽象等价
645877294	ui_text	GROUP 66 - Superlative	第 66 组 - 最高级
673136226	ui_text	GROUP 67 - ALL OR NOTHING	第 67 组 - 全有或全无
185805091	ui_text	GROUP 68 - Distribution Descriptors	第 68 组 - 分布描述
1821916880	ui_text	GROUP 69 - Approximation	第 69 组 - 近似
1579857222	ui_text	GROUP 70 - Abstract Quantities	第 70 组 - 抽象数量
825333109	ui_text	GROUP 7 - Unknown Values	第 7 组 - 未知值
194906898	ui_text	GROUP 71 - Progression of Time	第 71 组 - 时间推进
1122587805	ui_text	GROUP 72 - Bounds of Knowledge	第 72 组 - 知识边界
1820203685	ui_text	GROUP 73 - Life in the Universe	第 73 组 - 宇宙中的生命
1005710427	ui_text	GROUP 74 - Individuals	第 74 组 - 个体
1276913764	ui_text	GROUP 75 - 2 Lifeforms	第 75 组 - 两种生命形式
1266385069	ui_text	GROUP 76 - Longer Time Units	第 76 组 - 更长的时间单位
263259238	ui_text	GROUP 77 - Lifecycle	第 77 组 - 生命周期
1203137552	ui_text	GROUP 78 - Alien Lifespan	第 78 组 - 外星生物寿命
39371761	ui_text	GROUP 79 - Meteor Makers	第 79 组 - 陨石制造者
1940002849	ui_text	GROUP 80 - Offspring	第 80 组 - 后代
47336102	ui_text	GROUP 8 - Functions	第 8 组 - 函数
2062222451	ui_text	GROUP 81 - Alien Offspring	第 81 组 - 外星后代
152061614	ui_text	GROUP 82 - 2 Lives in 1 ??	第 82 组 - 一体双生？？
671293725	ui_text	GROUP 83 - Inter-Self Differences	第 83 组 - 个体间差异
258308597	ui_text	GROUP 84 - Simple Morality	第 84 组 - 简单道德
244210505	ui_text	GROUP 85 - Conversion	第 85 组 - 转化
472218874	ui_text	GROUP 86 - Feelings	第 86 组 - 感受
1085729759	ui_text	GROUP 87 - Love	第 87 组 - 爱
242250731	ui_text	GROUP 88 - Part & Whole	第 88 组 - 部分与整体
207710411	ui_text	GROUP 89 - Sensory Organ	第 89 组 - 感觉器官
1781538042	ui_text	GROUP 90 - Heat	第 90 组 - 热
1455330321	ui_text	GROUP 9 - Exponents	第 9 组 - 指数
243135394	ui_text	GROUP 91 - Ancient	第 91 组 - 远古
663153635	ui_text	GROUP 92 - Inside & Outside	第 92 组 - 内部与外部
178093127	ui_text	GROUP 93 - Planetary Structure	第 93 组 - 行星结构
1366786497	ui_text	GROUP 94 - Transformation	第 94 组 - 变换
321722119	ui_text	GROUP 95 - Sides / Faces	第 95 组 - 边／面
744906492	ui_text	GROUP 96 - Near & Far	第 96 组 - 远与近
200822400	ui_text	GROUP 97 - Planetary Orientation	第 97 组 - 行星朝向
1435858213	ui_text	GROUP 98 - Oceanic Evolution	第 98 组 - 海洋演化
1356347269	ui_text	GROUP 99 - Evolution	第 99 组 - 演化
1651951713	ui_text	GROUP 100 - Ecology	第 100 组 - 生态学
1056900168	ui_text	GROUP 10 - No Clue ??	第 10 组 - 毫无头绪？？
1549182947	ui_text	history	历史
1347644889	ui_text	formula to graph a circle:\nx^2 + y^2 = r^2\nwhere R is the radius	圆的图像公式：\nx^2 + y^2 = r^2\n其中 R 为半径
465862651	ui_text	CIRCLE\n\nA = (R^2) * PI\nP = 2 * PI * R\n	圆\n\nA = (R^2) * PI\nP = 2 * PI * R\n
832845115	ui_text	KEY:\nA = AREA\nP = PERIMETER\nS = SIDE LENGTH\nR = RADIUS\nB = BASE (WIDTH)\nH = HEIGHT	图例：\nA = 面积\nP = 周长\nS = 边长\nR = 半径\nB = 底边（宽）\nH = 高
1786191277	ui_text	Pi = 3.14159265...	Pi = 3.14159265……
757894878	ui_text	REGULAR SHAPES HAVE \nEQUAL SIDE LENGTHS\n  EX: SQUARES ARE \n  REGULAR QUADRILATERALS\n\nSOME FORMULAE HAVE BEEN \nAPPROXIMATED (~) FOR CLARITY	正多边形各边等长\n  例如：正方形是\n  正四边形\n\n为便于理解，部分公式\n使用了近似值（~）\n
189052509	ui_text	TRIANGLE\n3-SIDED\n\nA = B*H/2\nP = 3S (IF REGULAR)\n	三角形\n3 条边\n\nA = B*H/2\nP = 3S（正三角形）\n
1989098849	ui_text	RECTANGLE\n4-SIDED\n\nA = B*H\nP = 2B + 2H\n	矩形\n4 条边\n\nA = B*H\nP = 2B + 2H\n
1605748139	ui_text	REGULAR PENTAGON\n5-SIDED\n\nA =~ (S^2) * 1.72048\nP = 5S\n	正五边形\n5 条边\n\nA =~ (S^2) * 1.72048\nP = 5S\n
792435822	ui_text	REGULAR HEXAGON\n6-SIDED\n\nA =~ (S^2) * 2.59808\nP = 6S\n	正六边形\n6 条边\n\nA =~ (S^2) * 2.59808\nP = 6S\n
639032628	ui_text	REGULAR HEPTAGON\n7-SIDED\n\nA =~ (S^2) * 3.63391\nP = 7S\n	正七边形\n7 条边\n\nA =~ (S^2) * 3.63391\nP = 7S\n
590990523	ui_text	REGULAR OCTAGON\n8-SIDED\n\nA =~ (S^2) * 4.82843\nP = 8S\n	正八边形\n8 条边\n\nA =~ (S^2) * 4.82843\nP = 8S\n
161765924	ui_text	REGULAR NONAGON\n9-SIDED\n\nA =~ (S^2) * 6.18182\nP = 9S\n	正九边形\n9 条边\n\nA =~ (S^2) * 6.18182\nP = 9S\n
1631253942	ui_text	REGULAR DECAGON\n10-SIDED\n\nA =~ (S^2) * 7.69421\nP = 10S\n	正十边形\n10 条边\n\nA =~ (S^2) * 7.69421\nP = 10S\n
1829525758	ui_text	SPHERE\n\nV = (4/3) * (PI) * \n    (R^3)\nA = 4 * (PI) * \n    (R^2)\n	球体\n\nV = (4/3) * (PI) *\n    (R^3)\nA = 4 * (PI) *\n    (R^2)\n
1068874698	ui_text	KEY:\nV = VOLUME\nA = SURFACE AREA\nB = AREA OF BASE\nP = PERIMETER \n  OF BASE\nH = HEIGHT\nR = RADIUS	图例：\nV = 体积\nA = 表面积\nB = 底面积\nP = 底面周长\n  \nH = 高\nR = 半径
1455275405	ui_text	PRISM - 2 IDENTICAL, \n  PARALLEL BASES\n  EX: BOX = RECTANGULAR PRISM\n\nPYRAMID - SINGLE BASE, WITH\n  TRIANGULAR FACES THAT MEET\n  AT A SINGLE POINT, THE APEX\n  EX: SQUARE PYRAMID IS \n  SIMILAR TO THE GREAT PYRAMIDS OF GIZA	棱柱——有两个相同且\n  平行的底面\n  例如：长方体 = 四棱柱\n\n棱锥——只有一个底面，\n  各三角形侧面相交于\n  同一点，即顶点\n  例如：四棱锥的形状\n  类似吉萨大金字塔
237881170	ui_text	CUBE\n8 VERTICES\n12 EDGES\n6 FACES\n\nV = H^3\nA = 6*(H^2)\n	立方体\n8 个顶点\n12 条棱\n6 个面\n\nV = H^3\nA = 6*(H^2)\n
925251866	ui_text	PRISM\n\nV = B*H\nA = (2*B) + (P*H)	棱柱\n\nV = B*H\nA = (2*B) + (P*H)
1154286479	ui_text	PYRAMID\n\nV = (1/3)*B*H\nA = B + (1/2)*B*\n  (SLANT HEIGHT)	棱锥\n\nV = (1/3)*B*H\nA = B + (1/2)*B*\n  （斜高）
1822953892	ui_text	formula to graph a sphere:\nx^2 + y^2 + z^2 = r^2\nwhere R is the radius	球体的图像公式：\nx^2 + y^2 + z^2 = r^2\n其中 R 为半径
952682182	ui_text	ABSOLUTE VALUE: |A| = B\n  MAKES A NUMBER POSITIVE\n  \n  EX: \n  {SIG_003}| = 3\n  {SIG_N005}| = 5\n  {SIG_000}| = 0	绝对值：|A| = B\n  使一个数变为正数\n  \n  例如：\n  {SIG_003}| = 3\n  {SIG_N005}| = 5\n  {SIG_000}| = 0
1607146353	ui_text	LOGARITHM: LOG(A)(B) = C\n  THE EXPONENT TO WHICH\n  A NUMBER MUST BE RAISED TO EQUAL\n  ANOTHER NUMBER. \n\n  LOG(A)(B) = C IS THE SAME AS\n  A ^ C = B\n  THIS IS READ AS \n  "LOG BASE A OF B" = C\n\n  EX:\n  LOG(10)(100) = 2\n    BECAUSE 10 ^ 2 = 100\n  LOG(2)(8) = 3\n    BECAUSE 2 ^ 3 = 8\n\n  LOGARITHMS ARE UNDEFINED \n  FOR NEGATIVE VALUES\n  \n  EX:\n  LOG(5)(-1) = UNDEFINED\n  THERE IS NO VALUE FOR C WHERE \n  5 ^ C = -1\n \n  	对数：LOG(A)(B) = C\n  C 是使 A 的幂等于 B\n  所需的指数。\n\n  LOG(A)(B) = C 等价于\n  A ^ C = B\n  读作\n  “以 A 为底 B 的对数” = C\n\n  例如：\n  LOG(10)(100) = 2\n    因为 10 ^ 2 = 100\n  LOG(2)(8) = 3\n    因为 2 ^ 3 = 8\n\n  负数的对数\n  无定义\n  \n  例如：\n  LOG(5)(-1) = 无定义\n  不存在满足\n  5 ^ C = -1 的 C\n \n\n  
1522695424	ui_text	ADVANCED ARITHMETIC FUNCTIONS\n\nEXPONENT: A ^ B = C\n  WHERE C = \n  1 MULTIPLIED BY THE VALUE OF \n  A "B" TIMES\n\n  ALSO REFERRED TO AS "POWER" \n  "2 TO THE POWER OF 3" = 8\n\n  EX:\n  2 ^ 3 = 8\n  10 ^ 2 = 100\n  5 ^ 2 = 25 (5 SQUARED)\n  4 ^ 3 = 64 (4 CUBED)\n\n  ANY NUMBER TO THE POWER OF 0\n  IS ALWAYS = 1\n\n  EX:\n  6 ^ 0 = 1\n  0 ^ 0 = 1\n  -2 ^ 0 = 1\n\n\nSQUARE ROOT: SQRT(A) = A ^ (1/2)\n  THE SQUARE ROOT OF A NUMBER\n  IS THE NUMBER RAISED TO THE \n  POWER OF 1/2\n  \n  EX:\n  SQRT(25) = 5\n  SQRT(16) = 4\n  SQRT(0) = 0\n  \n  THE SQUARE  ROOT OF A NEGATIVE\n  NUMBER RESULTS IN A COMPLEX NUMBER\n\n\n  	高级算术函数\n\n指数：A ^ B = C\n  其中 C =\n  数值 A 自乘“B”次\n  \n\n  也称为“幂”\n  “2 的 3 次方” = 8\n\n  例如：\n  2 ^ 3 = 8\n  10 ^ 2 = 100\n  5 ^ 2 = 25（5 的平方）\n  4 ^ 3 = 64（4 的立方）\n\n  任意数的 0 次方\n  恒等于 1\n\n  例如：\n  6 ^ 0 = 1\n  0 ^ 0 = 1\n  -2 ^ 0 = 1\n\n\n平方根：SQRT(A) = A ^ (1/2)\n  一个数的平方根\n  等于这个数的\n  1/2 次方\n  \n  例如：\n  SQRT(25) = 5\n  SQRT(16) = 4\n  SQRT(0) = 0\n  \n  负数的平方根\n  会得到复数\n\n\n  
704778900	ui_text	The Atom is the smallest unit of matter that retains chemical properties. \n\n\n\n\n\n\n\n\nAn atom is composed of a combination of Protons, Neutrons, & Electrons. Protons and Neutrons are much larger and form the inner nucleus, or core of an atom. \n\nThe amount of protons & electrons determines the atom's element and the vast majority of its chemical properties. The proton count is usually the same as the electron count. \n\nAtoms with other numbers of neutrons are referred to as Isotopes. \n\n\n\n	原子是保留物质化学性质的最小单位。\n\n\n\n\n\n\n\n\n原子由质子、中子和电子共同组成。质子和中子大得多，共同构成内部的原子核，也就是原子的核心。\n\n质子和电子的数量决定原子属于何种元素，也决定其绝大多数化学性质。质子数通常与电子数相同。\n\n中子数不同的原子称为同位素。\n\n\n\n
1437268921	ui_text	Proton	质子
275030151	ui_text	Neutron	中子
403558409	ui_text	Electron	电子
43608499	ui_text	Nucleus\n	原子核\n
530790771	ui_text	~240,000 kilometers	约 240,000 千米
1687917735	ui_text	<u>Unit Conversions:</u>	<u>单位换算：</u>
51820598	ui_text	Distance	距离
1138808762	ui_text	8^27 * 1.48317654 filogram	8^27 * 1.48317654 Filogram
1633880762	ui_text	Mass of 8^29 atoms of Iron-56	8^29 个铁-56 原子的质量
509788195	ui_text	1 Filogram = 14.37218841684362 kilograms	1 Filogram = 14.37218841684362 千克
757120393	ui_text	Duration of each Signal	每个信号的持续时间
694160324	ui_text	Half-Life of Helium-6	氦-6 的半衰期
840734031	ui_text	1 Helisec = 	1 Helisec = 
1091744761	ui_text	Distance light travels in 1  	光在 1 个时间单位内传播的距离
1215302638	ui_text	8^9 miniheters	8^9 Miniheter
869355573	ui_text	1 Heter = 	1 Heter = 
969213748	ui_text	1 Heter = 241,908,530.21 meters	1 Heter = 241,908,530.21 米
504371494	ui_text	Mass	质量
214350438	ui_text	1 MFG = ~8.3 Earth masses	1 MFG = 约 8.3 个地球质量
1632180016	ui_text	Distance light travels in 1/8^9	光在 1/8^9 个时间单位内传播的距离
1130745831	ui_text	1 Miniheter = 1.802359001408219 meters	1 Miniheter = 1.802359001408219 米
1403828723	ui_text	Time\n	时间\n
1510337154	ui_text	Blackhole	黑洞
1614482487	ui_text	Galaxy	星系
1558840735	ui_text	Moon	卫星
1539706555	ui_text	Neutron Star	中子星
1480230040	ui_text	Planet	行星
2095220294	ui_text	Star	恒星
705129852	ui_text	Supernova	超新星
1379010882	ui_text	White Dwarf Star	白矮星
880373706	ui_text	Blackhole - An astronomical body so dense that nothing can escape its gravitational pull. \n\n\n\n\n\nThe boundary of no escape is the event horizon. \n\n\n\nThough predicted in Einstein's theory of general relativity, the first blackhole was only detected this year. \n\n\n\nOnly the largest stars have a sufficient mass to become a blackhole. 	黑洞——密度极高的天体，任何物质都无法逃离其引力。\n\n\n\n\n\n无法逃脱的边界称为事件视界。\n\n\n\n尽管爱因斯坦的广义相对论预言了黑洞，但直到今年，人们才首次探测到黑洞。\n\n\n\n只有质量最大的恒星才足以演化为黑洞。 
988993910	ui_text	(Astronomer's Note: Cygnus X-1 may be a blackhole. Still under investigation)	（天文学家注：天鹅座 X-1 可能是黑洞，仍在调查）
312316231	ui_text	(Astronomer's Note: Nothing, not even light can escape)	（天文学家注：任何东西都无法逃脱，连光也不行）
1831413693	ui_text	Definition of Life	生命的定义
1914256878	ui_text	Photosynthesis & Respiration	光合作用与呼吸作用
1312345428	ui_text	Chemical Bonding - The prolonged association of atoms that share electrons. \n\nAll chemicals are the result of chemical bonding. \n\nThe most common categories of chemical bonding are: \n1. Covalent\n2. Ionic\n3. Metallic\n\nCovalent - Covalent Bonds share electrons. \n   Example: H2O - Water. \n   The electron supplied by each Hydrogen atom is shared amongst the 3 atoms. \n\nIonic - Ionic Bonds share electrons where one atom nearly completely takes or gives an electron from the other. \n   Example: NaCl - Tablesalt\n   Sodium's singular valence electron (electron that can be shared in chemical bonds) is taken by chlorine.\n\nMetallic - Metallic Bonds consist of free-moving electrons that move from atom to atom. \n   Example: Fe - Iron\n   In pure iron, electrons move freely from atom to atom. 	化学键——原子通过共享电子形成的长期结合。\n\n所有化学物质都是化学键结合的结果。\n\n最常见的化学键分为：\n1. 共价键\n2. 离子键\n3. 金属键\n\n共价键——共价键共享电子。\n   例如：H2O——水。\n   每个氢原子提供的电子由三个原子共享。\n\n离子键——形成离子键时，一个原子会近乎完全夺取另一个原子的电子，或将电子交给对方。\n   例如：NaCl——食盐\n   钠原子唯一的价电子（可参与化学键共享的电子）会被氯夺走。\n\n金属键——金属键由可在原子间自由移动的电子构成。\n   例如：Fe——铁\n   在纯铁中，电子可在原子之间自由移动。 
31294380	ui_text	Chemical Compounds are composed of atoms. \n\nAn individual instance of a chemical compound is a molecule. \n\nFor example: 1 molecule of water contains 2 Hydrogen atoms and 1 Oxygen atom, so its formula is H2O. \n\nIn a chemical reaction, if 2 water molecules are needed to balance the equation, then this is represented as 2H2O.	化合物由原子构成。\n\n一个单独的化合物粒子就是分子。\n\n例如：一分子水含 2 个氢原子和 1 个氧原子，因此化学式为 H2O。\n\n在化学反应中，如果配平方程式需要 2 个水分子，就写作 2H2O。
747613942	ui_text	Chemical Reaction - A process that transforms a set of reactants into a set of products, where the reactants and products are elements or compounds made of elements. \n\nChemical reactions are balanced, so the same number of an atom will be present in the reactants and the products, whether or not it is part of a compound. \n\nHere are some common chemical reactions: \n\nSynthesis of Water\n    \n   2H2 + O2 => 2H2O\n\n2 molecules of hydrogen react with 1 molecule of oxygen gas to form 2 molecules of water. \n\nDecomposition of Carbonic Acid\n\n   H2CO3 => CO2 + H2O\n\n1 molecule of carbonic acid decomposes into 1 molecule of water and 1 molecule of carbon dioxide. \n\nOxidation of Iron to form rust\n\n   4Fe + 3O2 => 2Fe2O3\n\n4 Iron atoms react with 3 molecules of oxygen gas to form 2 molecules of iron oxide (rust). \n\nSynthesis of Table salt\n\n   2Na + Cl2 => 2NaCl\n\n2 Sodium atoms react with 1 molecule of chlorine gas to form 2 molecules of sodium chloride (table salt).\n	化学反应——一组反应物转化为一组生成物的过程；反应物和生成物都是元素或由元素组成的化合物。\n\n化学反应必须配平，因此无论原子是否属于化合物，反应物与生成物中同种原子的数量都相同。\n\n下面是一些常见的化学反应：\n\n水的合成\n    \n   2H2 + O2 => 2H2O\n\n2 分子氢气与 1 分子氧气反应，生成 2 分子水。\n\n碳酸分解\n\n   H2CO3 => CO2 + H2O\n\n1 分子碳酸分解成 1 分子水和 1 分子二氧化碳。\n\n铁氧化形成铁锈\n\n   4Fe + 3O2 => 2Fe2O3\n\n4 个铁原子与 3 分子氧气反应，生成 2 分子氧化铁（铁锈）。\n\n食盐的合成\n\n   2Na + Cl2 => 2NaCl\n\n2 个钠原子与 1 分子氯气反应，生成 2 分子氯化钠（食盐）。\n
1260914071	ui_text	<u>Common Compounds</u>\n\nFormat:\n<u>Common Name</u>\nChemical Formula\nWritten Formula (Atomic Numbers)\nCommon State of Matter (at room temperature & Pressure)\n\n<u>Water</u>\nH2O\n2 Hydrogen (atomic number 1), 1 Oxygen (8)\nLiquid (often solid & gas)\n\n<u>Carbon Dioxide</u>\nCO2\n1 Carbon (6), 2 Oxygen (8)\nGas\n\n<u>Ammonia</u>\nNH3\n1 Nitrogen (7), 3 Hydrogen (1)\nGas\n\n<u>Hydrogen Gas</u>\nH2\n2 Hydrogen (1)\nGas\n\n<u>Helium</u>\nHe\n1 Helium (2) (Noble, rarely bonds)\nGas\n\n<u>Oxygen Gas</u>\nO2\n2 Oxygen (8)\nGas\n\n<u>Ozone</u>\nO3\n3 Oxygen (8)\nGas\n\n<u>Nitrogen Gas</u> \nN2\n2 Nitrogen (7)\nGas\n\n<u>Hydrogen Peroxide</u>\nH2O2\n2 Hydrogen (1), 2 Oxygen (8)\nLiquid\n\n<u>Iron</u>\nFe\n1 Iron (26)\nSolid\n\n<u>Rust (Iron Oxide)</u> \nFe2O3\n2 Iron (26), 3 Oxygen (8)\nSolid\n\n<u>Aluminum</u>\nAl\n1 Aluminum (13)\nSolid\n\n<u>Aluminum Oxide</u>\nAl2O3\n2 Aluminum (13), 3 Oxygen (8)\nSolid\n\n<u>Copper</u>\nCu\n1 Copper (29)\nSolid\n\n<u>Copper (II) Oxide</u>\nCuO\n1 Copper (29), 1 Oxygen (8)\nSolid\n\n<u>Copper (I) Oxide</u>\nCu2O\n2 Copper (29), 1 Oxygen (8)\nSolid\n\n<u>Table Salt</u>\nNaCl\n1 Sodium (11), 1 Chlorine (17)\nSolid\n\n<u>Potassium Nitrate</u>\nKNO3\n1 Potassium (19), 1 Nitrogen (7), 3 Oxygen (8)\nSolid\n\n<u>Sulfuric Acid</u>\nH2SO4\n2 Hydrogen (1), 1 Sulfur (16), 4 Oxygen (8)\nLiquid\n\n<u>Hydrochloric Acid</u>\nHCl\n1 Hydrogen (1), 1 Chlorine (17)\nLiquid\n\n<u>Methane</u>\nCH4\n1 Carbon (6), 4 Hydrogen (1)\nGas\n\n<u>Ethane</u>\nC2H6\n2 Carbon (6), 6 Hydrogen (1)\nGas\n\n<u>Propane</u>\nC3H8\n3 Carbon (6), 8 Hydrogen (1)\nGas\n\n<u>Glucose</u>\nC6H12O6\n6 Carbon (6), 12 Hydrogen (1), 6 Oxygen (8)\nSolid\n\n<u>Ethanol</u>\nC2H5OH\n2 Carbon (6), 6 Hydrogen (1), 1 Oxygen (8)\nLiquid\n\n\n\n	<u>常见化合物</u>\n\n格式：\n<u>常用名</u>\n化学式\n组成（原子序数）\n常见物态（室温、常压下）\n\n<u>水</u>\nH2O\n2 个氢（原子序数 1）、1 个氧（8）\n液态（也常见固态和气态）\n\n<u>二氧化碳</u>\nCO2\n1 个碳（6）、2 个氧（8）\n气态\n\n<u>氨</u>\nNH3\n1 个氮（7）、3 个氢（1）\n气态\n\n<u>氢气</u>\nH2\n2 个氢（1）\n气态\n\n<u>氦</u>\nHe\n1 个氦（2）（惰性，极少成键）\n气态\n\n<u>氧气</u>\nO2\n2 个氧（8）\n气态\n\n<u>臭氧</u>\nO3\n3 个氧（8）\n气态\n\n<u>氮气</u>\nN2\n2 个氮（7）\n气态\n\n<u>过氧化氢</u>\nH2O2\n2 个氢（1）、2 个氧（8）\n液态\n\n<u>铁</u>\nFe\n1 个铁（26）\n固态\n\n<u>铁锈（氧化铁）</u>\nFe2O3\n2 个铁（26）、3 个氧（8）\n固态\n\n<u>铝</u>\nAl\n1 个铝（13）\n固态\n\n<u>氧化铝</u>\nAl2O3\n2 个铝（13）、3 个氧（8）\n固态\n\n<u>铜</u>\nCu\n1 个铜（29）\n固态\n\n<u>氧化铜</u>\nCuO\n1 个铜（29）、1 个氧（8）\n固态\n\n<u>氧化亚铜</u>\nCu2O\n2 个铜（29）、1 个氧（8）\n固态\n\n<u>食盐</u>\nNaCl\n1 个钠（11）、1 个氯（17）\n固态\n\n<u>硝酸钾</u>\nKNO3\n1 个钾（19）、1 个氮（7）、3 个氧（8）\n固态\n\n<u>硫酸</u>\nH2SO4\n2 个氢（1）、1 个硫（16）、4 个氧（8）\n液态\n\n<u>盐酸</u>\nHCl\n1 个氢（1）、1 个氯（17）\n液态\n\n<u>甲烷</u>\nCH4\n1 个碳（6）、4 个氢（1）\n气态\n\n<u>乙烷</u>\nC2H6\n2 个碳（6）、6 个氢（1）\n气态\n\n<u>丙烷</u>\nC3H8\n3 个碳（6）、8 个氢（1）\n气态\n\n<u>葡萄糖</u>\nC6H12O6\n6 个碳（6）、12 个氢（1）、6 个氧（8）\n固态\n\n<u>乙醇</u>\nC2H5OH\n2 个碳（6）、6 个氢（1）、1 个氧（8）\n液态\n\n\n\n
163984179	ui_text	Chemical Bonding	化学键
1877342794	ui_text	Chemical Compounds	化合物
1930113560	ui_text	Chemical Reactions	化学反应
1844965123	ui_text	Common Compounds	常见化合物
1705668856	ui_text	Elemental Abundances	元素丰度
1870280637	ui_text	Periodic Table	元素周期表
1000545779	ui_text	States of Matter	物态
1515980645	ui_text	Valence Electrons	价电子
618633133	ui_text	The Pythagorean Theorem is a related formula, useful for finding the hypotenuse side length of a triangle. \n\nWhere c is the hypotenuse length\nand a and b are the other sides:\n\n\n           a + b = c	勾股定理是一个相关公式，可用于求三角形斜边的长度。\n\n其中 c 为斜边长度，\na 和 b 为另外两条边：\n\n\n           a + b = c
1732097048	ui_text	Distance (Euclidean Distance) measures the length of a line segment between 2 points. \n\nWhere point 1 has values (x1, y1)\nand point 2 has values (x2, y2)\nthe distance formula is:\n\n\nd =   (x1 - x2) + (y1 - y2)	距离（欧几里得距离）用于度量两点间线段的长度。\n\n点 1 的坐标为 (x1, y1)，\n点 2 的坐标为 (x2, y2)，\n距离公式为：\n\n\nd =   (x1 - x2) + (y1 - y2)
1324223603	ui_text	\n\n\n\n\n\n\n\nBelow is a non-exhaustive list of the descriptions, attributes, and processes that help define life. \n\n1. Homeostasis: - Self-regulation\n2. Organization - Composed of units (cells for all terrestrial life)\n3. Metabolism - Transformation of energy to and from chemical components\n4. Growth - Transformation of external energy and matter to internal matter\n5. Response: - Respond to external stimuli\n6. Evolution - Adaptation by natural selection of fit traits\n7. Reproduction - Production of new individuals\n8. Programming - Encoding of information\n9. Organic - Composed of carbon-based molecules\n10. Autonomous - Performs tasks\n11. Entropy Reduction - Internally, life reduces or maintains entropy, unlike other matter that increases entropy. 	\n\n\n\n\n\n\n\n以下列出一份并不穷尽的描述、属性和过程，它们有助于定义生命。\n\n1. 内稳态——自我调节\n2. 组织——由单位构成（地球生命均由细胞构成）\n3. 新陈代谢——能量与化学成分之间的转化\n4. 生长——将外界能量和物质转化为内部物质\n5. 反应——对外界刺激作出反应\n6. 演化——通过自然选择保留适应性状\n7. 生殖——产生新个体\n8. 编程——信息编码\n9. 有机——由含碳分子构成\n10. 自主——自行执行任务\n11. 熵减——生命会在内部降低或维持熵，不同于熵不断增加的其他物质。
310967369	ui_text	(Programmer's Note: life does not require all of these conditions to be met. These are different perspectives from different disciplines, ranging from biology, chemistry, physics, computer science, and philosophy)	（程序员注：生命不必满足所有这些条件。它们是不同学科从各自角度提出的看法，涉及生物学、化学、物理学、计算机科学和哲学）
839815903	ui_text	(Programmer's note: Life is hard to define)	（程序员注：生命很难定义）
2026515542	ui_text	Electron - The negatively charged subatomic particle found orbiting an atom's nucleus. \n\nElectrons orient in shells, depending on the size of the atom. Electrons in outer shells are able to exchange with other atoms. This is chemical bonding, which is what makes all chemicals and compounds in the universe, including water. \n\nElectrons that are able to exchange with other atoms are called Valence Electrons. The periodic table organizes elements into columns based on an atom's number of valence electrons. \n\nIn Group 1 (the leftmost column), each element only has 1 valence electron with which it can bond. \n\nMass: ~0.00054858 Daltons\nElectrons are approximately 1/1836 the size of a proton. This is negligible in mass calculations. \n\nCharge: -1 (Negative)\n	电子——在原子核外运动、带负电的亚原子粒子。\n\n电子会根据原子的大小分布在不同电子层中。外层电子能够与其他原子交换。这就是化学键，它构成了宇宙中的所有化学物质和化合物，包括水。\n\n能够与其他原子交换的电子称为价电子。元素周期表按照原子的价电子数将元素排列成列。\n\n第 1 族（最左一列）中的每种元素都只有 1 个可参与成键的价电子。\n\n质量：约 0.00054858 道尔顿\n电子的质量约为质子的 1/1836，在质量计算中可以忽略。\n\n电荷：-1（负）\n
758695161	ui_text	Universal Abundance: Artificialll	宇宙丰度：人造
836566562	ui_text	Isotopes:	同位素：
416103249	ui_text	Atomic Mass: 400	原子质量：400
543609686	ui_text	Cadengen	卡登根
1988909162	ui_text	Ch	Ch
1054716548	ui_text	Protons: 119	质子：119
890943118	ui_text	Chemical elements naturally exist in different quantities throughout the universe. \n\nBelow is the top 20 most abundant elements, in decreasing abundance, with their atomic number and relative abundance.\n \n(Sorted by mole fraction, counting atoms, as opposed to counting total atomic mass): \n\n1... Hydrogen....(1) - 75%\n2... Helium......(2) - 23%\n3... Oxygen......(8) - 1%\n4... Carbon......(6) - 0.5% \n5... Neon.......(10) - 0.13%\n6... Iron.......(26) - 0.11%\n7... Nitrogen....(7) - 0.1%\n8... Silicon....(14) - 0.07%\n9... Magnesium..(12) - 0.059%\n10.. Sulfur.....(16) - 0.05%\n11.. Argon......(18) - 0.02%\n12.. Calcium....(20) - 0.07%\n13.. Nickel.....(28) - 0.06%\n14.. Aluminum...(13) - 0.05%\n13.. Sodium.....(11) - 0.02%\n14.. Chromium...(24) - 0.0015%\n15.. Manganese..(25) - 0.0008%\n16.. Phosphorus.(15) - 0.0007%\n17.. Cobalt.....(27) - 0.0003%\n18.. Titanium...(22) - 0.0003%\n19.. Potassium..(19) - 0.0003%\n20.. Vanadium...(23) - 0.0001%\n\nHydrogen and Helium (elements 1 and 2) alone compose >98% of all matter in the universe. \n\nSmaller elements are typically easier to create through fusion. Meanwhile, some elements exist in more stable structures, so they are more abundant regardless. Atoms with even numbers of protons, an even atomic number, are also typically more abundant. \n\nFor example, Oxygen is far more abundant than Lithium. (There are many more Oxygen atoms than Lithium atoms in the universe), even though Oxygen atoms have 8 protons, while Lithium atoms have 3. \n	化学元素在宇宙中的天然含量各不相同。\n\n以下按丰度从高到低列出丰度最高的 20 种元素，并标明原子序数与相对丰度。\n \n（按原子数的摩尔分数排序，而非按总原子质量）：\n\n1... 氢........(1) - 75%\n2... 氦........(2) - 23%\n3... 氧........(8) - 1%\n4... 碳........(6) - 0.5%\n5... 氖.......(10) - 0.13%\n6... 铁.......(26) - 0.11%\n7... 氮........(7) - 0.1%\n8... 硅.......(14) - 0.07%\n9... 镁.......(12) - 0.059%\n10.. 硫.......(16) - 0.05%\n11.. 氩.......(18) - 0.02%\n12.. 钙.......(20) - 0.07%\n13.. 镍.......(28) - 0.06%\n14.. 铝.......(13) - 0.05%\n13.. 钠.......(11) - 0.02%\n14.. 铬.......(24) - 0.0015%\n15.. 锰.......(25) - 0.0008%\n16.. 磷.......(15) - 0.0007%\n17.. 钴.......(27) - 0.0003%\n18.. 钛.......(22) - 0.0003%\n19.. 钾.......(19) - 0.0003%\n20.. 钒.......(23) - 0.0001%\n\n仅氢和氦（1、2 号元素）就构成了宇宙中超过 98% 的物质。\n\n较轻元素通常更容易通过聚变产生。同时，一些元素具有更稳定的结构，因此不论如何都更为丰富。质子数为偶数、即原子序数为偶数的原子通常也更丰富。\n\n例如，氧远比锂丰富。（宇宙中的氧原子远多于锂原子。）尽管氧原子有 8 个质子，而锂原子只有 3 个。\n
896902572	ui_text	Galaxy - A collection of stars, star systems, and dust that is bound by gravity. \n\n\n\n\nGalaxies can contain thousands, or millions of stars. \n\nThere are more than thousands of galaxies. Astronomers are currently uncovering new ones.\n\nThere are 3 main types of galaxies, defined by their shape:\n1. Spiral\n2. Elliptical\n3. Irregular	星系——由引力束缚在一起的恒星、恒星系统和尘埃集合。\n\n\n\n\n星系可以包含数千乃至数百万颗恒星。\n\n宇宙中有成千上万个星系，天文学家目前仍在发现新的星系。\n\n星系按形状主要分为三类：\n1. 旋涡星系\n2. 椭圆星系\n3. 不规则星系
1924558467	ui_text	Some words function for merely grammatical functions and carry extremely limited instrinsic meaning. \n\nFor example: "Do" and "did" carry little meaning, but are often auxiliary verbs, or helping verbs, such as in the sentence below. \n\n"Dr. Bautista did not inform his colleagues of a valuable update."\n\nMost words are ordinary words, meaning they carry an inherent meaning. \n\n"Dr. Bautista", "inform", "colleagues", "valuable", and "update" are words that carry specific meanings rather than assist in structuring a sentence. \n\nAcross human languages, ordinary words can become grammatical words. This is "grammaticalization."\n\nIn English, "had" for example has been grammaticalized. Note how "had" is used differently in the following 2 sentences: \n\n1. Dr. Doppler had to run back to the Materials Team. (grammatical)\n\n2. Dr. Doppler had many papers in his hand. (ordinary)\n	有些词只承担语法功能，本身的意义极为有限。\n\n例如，“do”和“did”本身意义不多，但常作助动词，如下句所示。\n\n“巴蒂斯塔博士没有把一项重要进展告诉同事。”\n\n大多数词是实义词，即自身带有固有含义。\n\n“巴蒂斯塔博士”“告诉”“同事”“重要”和“进展”都有具体含义，而不只是帮助构造句子。\n\n在人类语言中，实义词也会变成语法词，这一过程叫作“语法化”。\n\n例如，英语中的“had”已经发生语法化。注意下面两句中“had”的用法有何不同：\n\n1. 多普勒博士不得不跑回材料小组。（语法功能）\n\n2. 多普勒博士手里拿着许多论文。（实义）\n
1634605698	ui_text	Half Life - The average time in which half of the atoms in a sample will decay. \n\n\n\n\n\n\n\n\n\n\nExample: \n14-C (Carbon-14) has a half life of ~5730 years. \nIf we start with a sample of 100 atoms of 14-C, after 5730 years, only 50 atoms of 14-C will remain. The other 50 will have decayed, transmuting into another isotope or element. \n\nFormula for Radioactive Decay:\n\n      A = B(0.5)\n\nWhere A is the Final Amount,\nB is the Starting Amount,\nT is the time elapsed,\nH is the half-life\n\nExample:\n60-Co (Cobalt-60) has a half-life of ~5.3 years. \nIf we start with a sample of 100 Cobalt atoms, after 5.3 years, there will be about 50 remaining. \n\nA = 100(0.5)   = 100(0.5) = 50\n\nAfter 10.6 years...\n\nA = 100(0.5)   = 100(0.25) = 25\n\nAfter 15.9 years...\n\nA = 100(0.5)   = 100(0.125) = ~12\n\nAfter 21.2 years...\n\nA = 100(0.5)   = 100(0.0625) = ~6\n	半衰期——样品中一半原子发生衰变所需的平均时间。\n\n\n\n\n\n\n\n\n\n\n例如：\n14-C（碳-14）的半衰期约为 5730 年。\n若最初样品中有 100 个 14-C 原子，5730 年后只会剩下 50 个。其余 50 个已经衰变，转变为另一同位素或元素。\n\n放射性衰变公式：\n\n      A = B(0.5)\n\n其中 A 为最终数量，\nB 为初始数量，\nT 为经过时间，\nH 为半衰期\n\n例如：\n60-Co（钴-60）的半衰期约为 5.3 年。\n若最初样品中有 100 个钴原子，5.3 年后约剩 50 个。\n\nA = 100(0.5)   = 100(0.5) = 50\n\n10.6 年后……\n\nA = 100(0.5)   = 100(0.25) = 25\n\n15.9 年后……\n\nA = 100(0.5)   = 100(0.125) = ~12\n\n21.2 年后……\n\nA = 100(0.5)   = 100(0.0625) = ~6\n
1969752543	ui_text	Time	时间
903547764	ui_text	Atoms Remaining	剩余原子数
1272547159	ui_text	<u>Homonymy</u> - When words take on completely different meanings in different contexts. \n\n"Train" refer to entirely different concepts in these two sentences: \n\n1. I will train for my linguistics examination. \n\n2. I rode the train to my linguistics examination. \n\nHomonyms are largely created by coincidence. \n\n\n<u>Polysemy</u> - When words take on different but related meanings in different contexts. \n\n"School" relates to different aspects or the same concept in the following sentences. \n\n1. The school had a bright blue door. (building) \n\n2. The school set aside money for graduation. (administration)\n\n3. The school won the championship. (sports team)\n\n4. The school has a wonderful linguistics department. (institution)\n\nWhy does Polysemy happen if ambiguity in interpretation can lead to inaccurate communication? \n\nWhen there is no established, conventional way of expressing an idea, language-users will take a word that is close enough and use it. \n\n\n\n\n\nAlternatively, language-users will use a related word for ornamental complexity; it can be fun and engaging for listeners to deduce the meaning of a related word. \n	<u>同音同形异义</u>——同一个词在不同语境中表示完全不同的含义。\n\n下面两句中的“train”指完全不同的概念：\n\n1. 我要为语言学考试训练。\n\n2. 我坐火车去参加语言学考试。\n\n这类词多半源于巧合。\n\n\n<u>一词多义</u>——同一个词在不同语境中表示不同但相关的含义。\n\n下面各句中的“school”涉及同一概念的不同方面。\n\n1. 学校有一扇亮蓝色的门。（建筑）\n\n2. 学校为毕业典礼拨出了经费。（管理机构）\n\n3. 学校赢得了冠军。（运动队）\n\n4. 学校拥有出色的语言学系。（机构）\n\n既然解释歧义可能导致沟通不准确，为什么还会出现一词多义？\n\n当某个想法还没有约定俗成的表达方式时，语言使用者会选一个意思足够接近的词来用。\n\n\n\n\n\n或者，语言使用者会为修辞效果使用相关词语；让听者推断相关词的含义，也会更有趣、更引人入胜。\n
796641506	ui_text	(Linguist's Note: I suspect and hope that the Meteor will refrain from complicating their message with needless complexity.)	（语言学家注：我猜，也希望陨石不会用无谓的复杂表达把讯息搞得更难懂。）
1460924661	ui_text	(Linguist's Note: The Meteor has frequently used polysemy to stretch the meaning of mathematical concepts to more ordinary everyday concepts.)	（语言学家注：陨石经常利用一词多义，把数学概念的含义延伸到更普通的日常概念。）
1743032956	ui_text	Isotope - an atom with a different number of neutrons. \n\nSome isotopes are unstable, meaning they will undergo radioactive decay, transforming into a different atom or isotope altogether. \n\nExample:\nIf an atom has 1 proton, it is a Hydrogen Atom.\nIt will likely have 1 electron (unless it has been ionized). \n\nHydrogen has 3 natural isotopes:\n1-H (1 Proton, 0 Neutrons). \nAbundance: ~99% of all Hydrogen atoms are 1-H.\n\n2-H (1 Proton, 1 Neutron).\nAbundance: ~0.001% of all Hydrogen atoms are 2-H.\n\n3-H (1 Proton, 2 Neutrons).\nAbundance: Trace amounts\nUnstable: Half-Life is 12 years\n\n4-H Isotopes and heavier are possible, but not naturally occurring.  Since their half-lives are so small, they decay almost instantaneously. \n\nSince the overwhelming majority of Hydrogen atoms have no neutrons, for mass calculations, the mass of a Hydrogen atom can be approximated as 1 (for the 1 proton). \n	同位素——中子数不同的原子。\n\n有些同位素不稳定，会发生放射性衰变，完全转变成另一种原子或同位素。\n\n例如：\n若一个原子有 1 个质子，它就是氢原子。\n通常还会有 1 个电子（除非已被电离）。\n\n氢有三种天然同位素：\n1-H（1 个质子、0 个中子）。\n丰度：约占全部氢原子的 99%。\n\n2-H（1 个质子、1 个中子）。\n丰度：约占全部氢原子的 0.001%。\n\n3-H（1 个质子、2 个中子）。\n丰度：微量\n不稳定：半衰期为 12 年\n\n4-H 及更重的同位素也可能存在，但不会天然产生。由于半衰期极短，它们几乎会瞬间衰变。\n\n绝大多数氢原子没有中子，因此计算质量时可将氢原子的质量近似为 1（即 1 个质子）。\n
1112850083	ui_text	TRUTH STATEMENTS P1, P2, P3... \nCAN EITHER HAVE A VALUE OF \nTRUE OR FALSE.\n\nTHE TABLE BELOW DEFINES \n4 LOGICAL OPERATIONS: \n(NOT, AND, OR,  XOR)\nTRUTH TABLE	真值命题 P1、P2、P3……\n其值只能是\n真或假。\n\n下表定义了\n4 种逻辑运算：\n（非、与、或、异或）\n真值表
1636203063	ui_text	P1      P2     OPERATION   RESULT\n\nTRUE    N/A      NOT       FALSE\nFALSE   N/A      NOT       TRUE\n\nTRUE    TRUE     AND       TRUE\nTRUE    FALSE    AND       FALSE\nFALSE   TRUE     AND       FALSE\nFALSE   FALSE    AND       FALSE\n\nTRUE    TRUE     OR        TRUE\nTRUE    FALSE    OR        TRUE\nFALSE   TRUE     OR        TRUE\nFALSE   FALSE    OR        FALSE\n\nTRUE    TRUE     XOR       FALSE\nTRUE    FALSE    XOR       TRUE\nFALSE   TRUE     XOR       TRUE\nFALSE   FALSE    XOR       FALSE\n\n	P1      P2     运算       结果\n\n真      不适用   非         假\n假      不适用   非         真\n\n真      真       与         真\n真      假       与         假\n假      真       与         假\n假      假       与         假\n\n真      真       或         真\n真      假       或         真\n假      真       或         真\n假      假       或         假\n\n真      真       异或       假\n真      假       异或       真\n假      真       异或       真\n假      假       异或       假\n\n
203753130	ui_text	Grammatical vs. Ordinary Words	语法词与实义词
1347318302	ui_text	Homonymy & Polysemy	同音同形异义与一词多义
1643800952	ui_text	Meteorite Linguistics	陨石语言学
852325147	ui_text	Swadesh Lists	斯瓦迪士核心词表
911724298	ui_text	Word Classes	词类
1768350330	ui_text	The mass of an atom can be approximated by summing its protons and neutrons, since electrons have a very small mass (1/1836) the mass of a proton). \n\nProtons and neutrons both have an atomic mass of roughly 1 Dalton, or 1 atomic mass unit. \n\nFor example: Iron-56 (the isotope of Iron with 30 neutrons) has a mass of 55.93493554 Daltons. \n\n6.02214076*10^23 Daltons = 1 gram. \n(This quantity is Avogadro's Constant)\n\nTherefore: \n\n6.02214076*10^23 Iron-56 atoms = 55.93493554 grams\n\n\n\n	原子的质量可近似为质子数与中子数之和，因为电子质量很小（质子质量的 1/1836）。\n\n质子和中子的原子质量都约为 1 道尔顿，即 1 原子质量单位。\n\n例如：铁-56（含 30 个中子的铁同位素）的质量为 55.93493554 道尔顿。\n\n6.02214076*10^23 道尔顿 = 1 克。\n（这个数值是阿伏伽德罗常数）\n\n因此：\n\n6.02214076*10^23 个铁-56 原子 = 55.93493554 克\n\n\n\n
747242683	ui_text	The Meteor\n---------------------------------	陨石\n---------------------------------
1889495507	ui_text	<u>Meteor Class</u>\nClassification: Chondrite\nChondrite Class: LL Chondrite\nPetrologic Type: Type 3\n\n<u>Dimensions</u>\nMass: 1.253 x 10^7 kg\nVolume: 4053 m^3\nAvg Density: 0.00310 kg/cm^3\nLength: 22.8 meters\nWidth: 19.0 meters\nHeight: 3.8 meters\n\n\n<u>Arrival</u>\nLanding Date: May 3rd, 1973\nLanding Time: 5:04 AM\nLanding Location: Cape Espenberg, Alaska, United States\n\n<u>Notable Features</u>\nMessage from intelligent extraterrestrial Life \n\nBroadcasts Transmissions as sequences of frequencies carried by the Hydrogen Line\n\nEach signal broadcasts for 0.8066 seconds	<u>陨石类别</u>\n分类：球粒陨石\n球粒陨石类别：LL 型球粒陨石\n岩石学类型：3 型\n\n<u>尺寸</u>\n质量：1.253 x 10^7 kg\n体积：4053 m^3\n平均密度：0.00310 kg/cm^3\n长度：22.8 米\n宽度：19.0 米\n高度：3.8 米\n\n\n<u>抵达</u>\n着陆日期：1973 年 5 月 3 日\n着陆时间：上午 5:04\n着陆地点：美国阿拉斯加州埃斯彭贝格角\n\n<u>显著特征</u>\n来自智慧外星生命的讯息\n\n通过氢谱线承载的频率序列广播传输\n\n每个信号广播 0.8066 秒
60706071	ui_text	(Astronomer's Note: Some mass likely burned on entry. May have been ~30% larger.)	（天文学家注：进入大气层时可能烧蚀了一部分质量，原本或许大约大 30%。）
859230847	ui_text	(Astronomer's Note: Rude & unnecessary)	（天文学家注：无礼，而且没必要）
371528885	ui_text	Programmer's Note: Hmm. I am in charge of the computer system. I do as I please. 	程序员注：嗯。计算机系统归我管，我想怎么写就怎么写。
1456463367	ui_text	(or Meteorite for pedants like Dr. Akers)	（像埃克斯博士这样较真的人会纠正：是“陨石”，不是“流星”）
787820401	ui_text	Moon - A body that orbits a planet.\n\n\n\n\n\n\n\nA single planet can have multiple moons. 	卫星——绕行星运行的天体。\n\n\n\n\n\n\n\n一颗行星可以有多颗卫星。
1683931986	ui_text	(Astronomer's Note: Jupiter has 12 moons!!)	（天文学家注：木星有 12 颗卫星！！）
506015877	ui_text	(Astronomer's Note: The proper term is a natural satellite)	（天文学家注：规范术语是天然卫星）
1893180165	ui_text	(Programmer's Note: Pedant ^)	（程序员注：较真鬼 ^）
305293823	ui_text	2D GEOMETRY\n	二维几何\n
2083154058	ui_text	3D GEOMETRY\n	三维几何\n
1831235027	ui_text	ARITHMETIC FUNCTIONS	算术函数
656964825	ui_text	DISTANCE	距离
1859807655	ui_text	LOGIC	逻辑
44354125	ui_text	ROUNDING	舍入
1612042802	ui_text	<u>The Linguistics of the Meteor</u>\n\n\n\nNearly all communication with the Meteor is via radio wave transmissions. \n\nEach transmission is a sequence of radio wave signals, each with a duration of 0.8066 seconds. \n\nOnce the sequence is complete, it pauses for 0.8066 seconds, then loops. \n\nIsolating - The signals are distinct, without inflection. \n\nOrdered Syntax - The order of words will impact the overall meaning. \n\nTypes of Words - Some signals are for formatting, some are grammatical, some hold abstract meanings, some reference real world objects. 	<u>陨石的语言学</u>\n\n\n\n与陨石的交流几乎全部通过无线电波传输进行。\n\n每段传输由一系列无线电波信号组成，每个信号持续 0.8066 秒。\n\n序列结束后暂停 0.8066 秒，然后循环播放。\n\n孤立语——信号彼此分立，没有屈折变化。\n\n语序句法——词语顺序会影响整体含义。\n\n词语类型——有些信号用于格式化，有些承担语法功能，有些表示抽象含义，还有些指现实物体。
384194397	ui_text	(Astronomer's note: ***Meteorite***)	（天文学家注：***是陨石，不是流星***）
1049504649	ui_text	(Linguist's Note: Not your reference tab)	（语言学家注：不是你的参考页签）
1499875873	ui_text	Neutron - the subatomic particle found in an atom's nucleus with a neutral charge. \n\nThe number of Neutrons in an atom's nucleus defines its isotope, and thus much of its stability. The number of neutrons is largely tied to the number of protons, though this ratio increases as the atomic number increases. \n\nMass: ~1 dalton \nThis is approximately the same as a Proton's mass, but 1836 times an Electron's mass. \n\nCharge: 0 (Neutral)\n	中子——位于原子核内、不带电的亚原子粒子。\n\n原子核中的中子数决定其同位素，因而也决定很大一部分稳定性。中子数与质子数密切相关，不过随着原子序数增加，二者比值也会上升。\n\n质量：约 1 道尔顿\n这大致等于质子的质量，但相当于电子质量的 1836 倍。\n\n电荷：0（中性）\n
240470687	ui_text	Neutron Star - A recently discovered celestial body that is the collapsed core of a massive star, condensed to a small body.\n\n\n\n\n\n\n\n\n\n\n\nNeutron Stars no longer undergo fusion, but still release latent HEAT AND LIGHT, much like a white dwarf star.\n\nNeutron Stars potentially consist of mostly neutrons, as the immense pressure combines protons and electrons into neutrons. \n\nNeutron Stars rotate at high speeds, conserving their angular momentum at a smaller volume.	中子星——新近发现的天体，是大质量恒星坍缩后的核心，被压缩成很小的天体。\n\n\n\n\n\n\n\n\n\n\n\n中子星不再发生聚变，但仍会释放残余的热和光，与白矮星很相似。\n\n中子星可能大多由中子构成，因为巨大压力会把质子和电子结合成中子。\n\n中子星高速自转，在更小的体积中保持角动量。
1407880200	ui_text	(Astronomer's Note: ~10km in diameter. Very very small by astronomical standards)	（天文学家注：直径约 10 千米，以天文学标准来说非常非常小）
1848604990	ui_text	(Astronomer's Note: Hundreds of rotations per second. Very very fast by anyone's standards)	（天文学家注：每秒自转数百次，按谁的标准都非常非常快）
545861251	ui_text	(Astronomer's Note: Discovered by Jocelyn Bell just 5 years ago. Very very recent by astronomical standards)	（天文学家注：约瑟琳·贝尔仅在 5 年前发现，以天文学标准来说非常非常新）
818749563	ui_text	<u>Nuclear Fusion</u> - The process of combining two or more lighter atomic nuclei to form a heavier nucleus. \n\nThis process produces an enormous amount of energy, which is what powers stars. \n\nNuclear fusion requires 3 conditions: extreme temperature, extreme pressure, and time. An active main-sequence star (like the Sun) is massive enough, that the gravity at its core is enough to satisfy these 3 conditions and induce nuclear fusion. \n\nStellar Nucleosynthesis - The process by which stars conduct nuclear fusion to create heavier elements. \n\nThe Big Bang at the beginning of the Universe created Hydrogen, Helium, and Lithium (atoms with protons 1, 2, and 3). \n\nStars (and Supernovae) use those components as fuel for nuclear fusion to produce all other elements in the universe. \n\nNuclear fusion occurs while matter is in a state of plasma, where the temperature is high enough to ionize atoms (separating nuclei from their corresponding electrons). \n\nHuman-engineered nuclear fusion as an energy technology is under development. Perhaps it is just 30 years away. 	<u>核聚变</u>——两个或更多较轻原子核结合成较重原子核的过程。\n\n这一过程会产生巨量能量，恒星正是由此获得能量。\n\n核聚变需要三个条件：极高温、极高压和时间。活跃的主序星（例如太阳）质量足够大，核心引力足以满足这三个条件并引发核聚变。\n\n恒星核合成——恒星通过核聚变创造较重元素的过程。\n\n宇宙之初的大爆炸产生了氢、氦和锂（质子数分别为 1、2、3 的原子）。\n\n恒星（以及超新星）以这些成分为核聚变燃料，产生宇宙中的其他所有元素。\n\n核聚变发生在物质处于等离子态时，此时温度高到足以使原子电离（令原子核与相应电子分离）。\n\n人造核聚变作为能源技术仍在开发中。也许只差 30 年了。
1701153236	ui_text	ALIEN UNITS	外星单位
410328708	ui_text	BIOLOGY	生物学
208511667	ui_text	COMPUTER SCIENCE	计算机科学
472715584	ui_text	Linguistics	语言学
619570182	ui_text	MATH	数学
874759742	ui_text	CHEMISTRY	化学
1286244873	ui_text	PHYSICS	物理学
1707305641	ui_text	Astronomy	天文学
1162750838	ui_text	THE METEOR	陨石
641921838	ui_text	Select Element to View details	选择元素以查看详情
79312653	ui_text	Ch	Ch
1772947423	ui_text	Ch	Ch
1011426756	ui_text	Ch	Ch
1384329572	ui_text	Ch	Ch
2059412529	ui_text	Ch	Ch
148248329	ui_text	Ch	Ch
1603305286	ui_text	Ch	Ch
699539011	ui_text	Ch	Ch
548014697	ui_text	Ch	Ch
1092966871	ui_text	Ch	Ch
1478701866	ui_text	Ch	Ch
1301675061	ui_text	Ch	Ch
985082615	ui_text	Ch	Ch
1785576245	ui_text	Ch	Ch
1209173216	ui_text	Ch	Ch
571059919	ui_text	Ch	Ch
815748282	ui_text	Ch	Ch
195343029	ui_text	Ch	Ch
1112685176	ui_text	Ch	Ch
356640697	ui_text	Ch	Ch
1511573909	ui_text	Ch	Ch
1422679667	ui_text	Ch	Ch
900342177	ui_text	Ch	Ch
871721631	ui_text	Ch	Ch
963125334	ui_text	Ch	Ch
634385695	ui_text	Ch	Ch
1801423012	ui_text	Ch	Ch
704744597	ui_text	Ch	Ch
812262309	ui_text	Ch	Ch
1519401179	ui_text	Ch	Ch
1655590300	ui_text	Ch	Ch
1786069666	ui_text	Ch	Ch
333330571	ui_text	Ch	Ch
1733651221	ui_text	Ch	Ch
1442293642	ui_text	Ch	Ch
1295326757	ui_text	Ch	Ch
1865303146	ui_text	Ch	Ch
1723673684	ui_text	Ch	Ch
1765050896	ui_text	Ch	Ch
1194399014	ui_text	Ch	Ch
1829045592	ui_text	Ch	Ch
942327194	ui_text	Ch	Ch
806893290	ui_text	Ch	Ch
261894996	ui_text	Ch	Ch
538947663	ui_text	Ch	Ch
883555257	ui_text	Ch	Ch
1499547982	ui_text	Ch	Ch
2140305602	ui_text	Ch	Ch
809848113	ui_text	Ch	Ch
1253776474	ui_text	Ch	Ch
1317699713	ui_text	Ch	Ch
541698423	ui_text	Ch	Ch
1310219065	ui_text	Ch	Ch
1124211906	ui_text	Ch	Ch
1237161534	ui_text	Ch	Ch
811649351	ui_text	Ch	Ch
426602861	ui_text	Ch	Ch
914827265	ui_text	Ch	Ch
708267218	ui_text	Ch	Ch
553220368	ui_text	Ch	Ch
2091862043	ui_text	Ch	Ch
1606486522	ui_text	Ch	Ch
259692742	ui_text	Ch	Ch
1999000006	ui_text	Ch	Ch
1562973595	ui_text	Ch	Ch
825439324	ui_text	Ch	Ch
1805284606	ui_text	Ch	Ch
874969996	ui_text	Ch	Ch
129791024	ui_text	Ch	Ch
213741167	ui_text	Ch	Ch
1364719879	ui_text	Ch	Ch
2079358716	ui_text	Ch	Ch
891114218	ui_text	Ch	Ch
669695514	ui_text	Ch	Ch
128094572	ui_text	Ch	Ch
1439883670	ui_text	Ch	Ch
576056774	ui_text	Ch	Ch
574187658	ui_text	Ch	Ch
151619201	ui_text	Ch	Ch
855779122	ui_text	Ch	Ch
1066818581	ui_text	Ch	Ch
1150789219	ui_text	Ch	Ch
1193304578	ui_text	Ch	Ch
1593298517	ui_text	Ch	Ch
943464424	ui_text	Ch	Ch
950925267	ui_text	Ch	Ch
769369430	ui_text	Ch	Ch
1443658585	ui_text	Ch	Ch
1902689837	ui_text	Ch	Ch
509255151	ui_text	Ch	Ch
1889051142	ui_text	Ch	Ch
402320990	ui_text	Ch	Ch
1104201465	ui_text	Planet - A large sphere (smaller than a star) that orbits a star. \n\n\n\n\n\n\nPlanets can be gaseous or rocky. Earth is a rocky planet. \n\nThere are 9 planets in the Solar System: \nMercury, Venus, Earth, Mars, Jupiter, Saturn, Uranus, Neptune, and Pluto	行星——绕恒星运行的大型球状天体（比恒星小）。\n\n\n\n\n\n\n行星可以是气态或岩质。地球是一颗岩质行星。\n\n太阳系有 9 颗行星：\n水星、金星、地球、火星、木星、土星、天王星、海王星和冥王星
1651341783	ui_text	Proton - The positively charged subatomic particle found in an atom's nucleus. \n\nAn atom's elemental identity is strongly associated with the number of Protons in its nucleus. An element's atomic number (as seen on periodic table) is the amount of proton's in its nucleus. \n\nMass: ~1 dalton \nThis is approximately the same as a Neutron's mass, but 1836 times an Electron's mass. \n\nCharge: +1 (Positive)\n	质子——位于原子核内、带正电的亚原子粒子。\n\n原子的元素身份与原子核中的质子数密切相关。元素的原子序数（见元素周期表）就是其原子核内的质子数。\n\n质量：约 1 道尔顿\n这大致等于中子的质量，但相当于电子质量的 1836 倍。\n\n电荷：+1（正）\n
317019133	ui_text	<u>Photosynthesis & \nCellular Respiration</u>\n\n\n<u>Photosynthesis:</u>\n\n6CO2 + 6H2O => C6H12O6 + 6O2\nCarbon dioxide + water reacts to form glucose + oxygen\n\n\n<u>Cellular Respiration (Aerobic):</u>\n\nC6H12O6 + 6O2 => 6CO2 + 6H2O\nGlucose + Oxygen reacts to form Carbon dioxide + water\n\n\nPhotosynthesis & Cellular Respiration are 2 chemical reactions that are foundational to most biological organisms (on Earth), including humans. \n\nThese two chemical reactions are inverse processes that complement each other.\n\n	<u>光合作用与\n细胞呼吸</u>\n\n\n<u>光合作用：</u>\n\n6CO2 + 6H2O => C6H12O6 + 6O2\n二氧化碳与水反应生成葡萄糖和氧气\n\n\n<u>细胞呼吸（有氧）：</u>\n\nC6H12O6 + 6O2 => 6CO2 + 6H2O\n葡萄糖与氧气反应生成二氧化碳和水\n\n\n光合作用与细胞呼吸是大多数生物（在地球上，包括人类）赖以生存的两种基础化学反应。\n\n这两种化学反应互为逆过程，彼此补充。\n\n
273472160	ui_text	ATOM	原子
1740845710	ui_text	ELECTRON	电子
469872545	ui_text	HALF LIFE	半衰期
1406075267	ui_text	ISOTOPE	同位素
499548867	ui_text	Mass of Atoms	原子质量
1029265284	ui_text	NEUTRON	中子
962599849	ui_text	Nuclear Fusion	核聚变
1019323518	ui_text	PROTON	质子
1307973098	ui_text	RADIOACTIVE DECAY	放射性衰变
1782171430	ui_text	The Speed of Light	光速
130996348	ui_text	Decay Modes	衰变方式
1283921179	ui_text	Radioactive Decay - The process by which an atomic nucleus emits energy. \n\nRadioactive decay is a natural and random process. Though it is random, the average time to decay is predictable. \n\nThe half-life of an isotope tracks this value, denoting the time that passes before approximately half of the atoms in a sample have decayed. \n\nDepending on the type of emission, the result contains a daughter atom that has been transmutated, containing a different number of protons or neutrons. \n\nExamples: \n\n4-H DECAY => Neutron + 3-H\n\nA Hydrogen atom with 3 neutrons decays, losing a neutron, and transmuting into a Hydrogen atom with 2 neutrons. \n\n\n3-H DECAY => Electron + 3-He\n\nA Hydrogen atom with 2 neutrons decays, losing an electron, and transmuting into a Helium atom with 1 neutron. \nThe loss of an electron transforms a neutron into a proton in the nucleus, resulting in a Helium atom, which has 2 protons. \n\n	放射性衰变——原子核释放能量的过程。\n\n放射性衰变是自然且随机的过程。虽然随机，但平均衰变时间可以预测。\n\n同位素的半衰期记录的就是这一数值，表示样品中约一半原子衰变前经过的时间。\n\n根据发射类型，结果中会产生一个发生嬗变的子体原子，质子数或中子数与原先不同。\n\n例如：\n\n4-H 衰变 => 中子 + 3-H\n\n一个含 3 个中子的氢原子发生衰变，失去一个中子，并嬗变为含 2 个中子的氢原子。\n\n\n3-H 衰变 => 电子 + 3-He\n\n一个含 2 个中子的氢原子发生衰变，失去一个电子，并嬗变为含 1 个中子的氦原子。\n电子的释放使原子核中的一个中子转变为质子，最终产生含 2 个质子的氦原子。\n\n
1249846303	ui_text	<u>ROUNDING</u>\n  ROUNDING A NUMBER REDUCES\n  THE NUMBER OF PLACE VALUES, \n  LOWERING PRECISION\n\n  EX: \n  ROUNDING 1.2 TO THE NEAREST "1"\n  => 1\n\n  ROUNDING 280 TO THE NEAREST \n  "100" => 300\n\n  THE PLACE VALUES IN BASE 10 \n  ARE AS FOLLOWS:\n	10 ^ 9 = 1,000,000,000\n	10 ^ 8 = 100,000,000\n	10 ^ 7 = 10,000,000\n	10 ^ 6 = 1,000,000\n	10 ^ 5 = 100,000\n	10 ^ 4 = 10,000\n	10 ^ 3 = 1,000\n	10 ^ 2 = 100\n	10 ^ 1 = 10\n	10 ^ 0 = 1\n	10 ^ -1 = 0.1\n	10 ^ -2 = 0.01\n	10 ^ -3 = 0.001\n	10 ^ -4 = 0.0001\n  AND SO FORTH\n\n  TO ROUND 2.561 TO THE NEAREST\n  1/100TH WOULD RESULT IN 2.56\n  WHICH IS:\n	2 * (10^0) = 2, +\n	5 * (10^-1) = 0.5, +\n	6 * (10^-2) = 0.06\n	= 2.56\n\n  TO ROUND IN OTHER BASES\n  (SUCH AS BASE-2), USE THE \n  PLACE VALUES OF THAT BASE\n  TO CONSTRUCT NUMBERS\n\n  EX: \n  1.0101 (BASE-2), \n  ROUNDED TO 3 DIGITS \n  AND CONVERTED TO BASE-10 IS\n	1 * (2^0) = 1, +\n	0 * (2^-1) = 0, +\n	1 * (2^-2) = 0.25 (B10)\n	= 1.25 (B10) \n	OR 1.01 (B2)\n\n  1.0101 ROUNDED TO THE NEAREST\n  "0.25 (B10)" => 1.25 (B10)\n	<u>舍入</u>\n  对数字进行舍入会减少\n  位值的数量，\n  从而降低精度\n\n  例如：\n  将 1.2 舍入到最接近的“1”\n  => 1\n\n  将 280 舍入到最接近的\n  “100” => 300\n\n  十进制的位值\n  如下：\n	10 ^ 9 = 1,000,000,000\n	10 ^ 8 = 100,000,000\n	10 ^ 7 = 10,000,000\n	10 ^ 6 = 1,000,000\n	10 ^ 5 = 100,000\n	10 ^ 4 = 10,000\n	10 ^ 3 = 1,000\n	10 ^ 2 = 100\n	10 ^ 1 = 10\n	10 ^ 0 = 1\n	10 ^ -1 = 0.1\n	10 ^ -2 = 0.01\n	10 ^ -3 = 0.001\n	10 ^ -4 = 0.0001\n  依此类推\n\n  将 2.561 舍入到最接近的\n  1/100，结果为 2.56\n  即：\n	2 * (10^0) = 2, +\n	5 * (10^-1) = 0.5, +\n	6 * (10^-2) = 0.06\n	= 2.56\n\n  在其他进制中舍入时\n  （例如二进制），应使用\n  相应进制的位值\n  来构造数字\n\n  例如：\n  1.0101（二进制）\n  舍入到 3 位\n  再转换成十进制为\n	1 * (2^0) = 1, +\n	0 * (2^-1) = 0, +\n	1 * (2^-2) = 0.25（十进制）\n	= 1.25（十进制）\n	或 1.01（二进制）\n\n  1.0101 舍入到最接近的\n  “0.25（十进制）” => 1.25（十进制）\n
2047782187	ui_text	Star - a massive sphere of plasma held together by its own gravity, which radiates light and heat from nuclear fusion in its core. \n\n\n\n\n\n\nStars fuse atoms to create almost all elements larger than Lithium (atomic number 3). \n\n\nMetallicity - The proportion of metallic elements to nonmetallic elements. Younger stars will have a higher metallicity, since they are formed from the fused remnants of older stars. \n\n\n\n	恒星——由自身引力维系的大型等离子体球，通过核心的核聚变辐射光和热。\n\n\n\n\n\n\n恒星通过原子聚变创造出几乎所有比锂（原子序数 3）更重的元素。\n\n\n金属丰度——金属元素相对于非金属元素的比例。较年轻的恒星由更古老恒星的聚变残骸形成，因此金属丰度更高。\n\n\n\n
1913125869	ui_text	(Astronomer's Note: Astronomers refer to all elements heavier than Hydrogen and Helium as metals. Eat it, chemists.)	（天文学家注：天文学家把所有比氢和氦重的元素都叫金属。化学家，认了吧。）
952083203	ui_text	(Astronomer's Note: a.k.a. Stellar nucleosynthesis)	（天文学家注：也就是恒星核合成）
500865015	ui_text	<u>States of Matter</u>\nAlso known as Phases of Matter\n\nAll physical matter has temperature, which is the average kinetic (moving) energy of the atoms and molecules measured.\n\nChemical Compounds physically orient themselves depending on temperature & pressure. \n\nThe 3 main phases of matter, encountered in everyday life:\n1. Solid\n2. Liquid\n3. Gas\n\nMatter exists in solid state at relatively low temperatures and low pressures. For example: Water transforms into solid water (ice) when below 0° Celsius (at typical pressure)\n\nSolids exist in rigid arrangements. \n\n\n\n\n\nMatter exists in Liquid state at higher temperatures and pressures. \n\nLiquids exist in dense, disordered arrangements. \n\n\n\n\nMatter exists in a Gas state at even higher temperatures and pressures. \n\nGases exist in low density, high speed clouds, with no fixed volume or shape. \n\n\n\n\nThere are other states of matter that are not encountered in everyday life. \n\n4. Plasma \n\nMatter exists in a state of plasma at extremely high temperatures and pressures, for example in stars. \n\nPlasma exists when matter is at such a high energy that atoms ionize, that is, the protons and electrons of one atom will separate into independent particles. This makes plasma highly conductive of electricity. \n\nEven though plasma is rarely encountered on Earth (lightning, neon signs), the vast majority matter in the universe exists in a state of plasma. Stars are large and plentiful and mostly plasma. \n\nThere are other states of matter that describe rare arrangements, often created in extreme conditions in laboratory settings, or in astrophysical extremes (such as shortly after the Big Bang). Some of these phases are theoretical and have not been observed. \n\n5. Supercritical Fluid - A liquid-gas hybrid at high temperature & pressure \n6. Bose-Einstein Condensate - Extremely low temperature matter, where atomic particles behave as a single unified unit. 	<u>物态</u>\n也称物质相态\n\n所有物质都有温度，即所测原子和分子的平均动能（运动能量）。\n\n化合物会根据温度和压力形成不同的物理排列。\n\n日常生活中最常见的三种物态：\n1. 固态\n2. 液态\n3. 气态\n\n物质在相对低温、低压下呈固态。例如：常压下，水在 0°C 以下会变成固态水（冰）。\n\n固体的结构刚性有序。\n\n\n\n\n\n物质在更高的温度和压力下呈液态。\n\n液体的结构致密而无序。\n\n\n\n\n物质在更高的温度和压力下呈气态。\n\n气体是低密度、高速运动的粒子云，没有固定体积或形状。\n\n\n\n\n还有一些物态在日常生活中并不常见。\n\n4. 等离子态\n\n物质在极高温、极高压下会呈等离子态，例如恒星内部。\n\n物质能量高到原子发生电离，即同一原子的质子和电子分离成独立粒子时，就形成等离子体。这使等离子体具有很强的导电性。\n\n尽管地球上很少遇到等离子体（闪电、霓虹灯），宇宙中绝大多数物质都处于等离子态。恒星数量众多、体积庞大，而且主要由等离子体组成。\n\n还有一些物态用于描述罕见的物质排列，通常只能在实验室的极端条件或天体物理极端环境（如大爆炸后不久）中产生。其中一些仍是理论状态，尚未被观测到。\n\n5. 超临界流体——高温高压下液体与气体的混合态\n6. 玻色—爱因斯坦凝聚态——极低温物质，原子粒子会如同一个统一整体般行动。
1585671111	ui_text	(Programmer's Note: Theoretical state of matter - Yet to be observed - Maybe one day)	（程序员注：理论物态——尚未观测——也许有一天吧）
268018071	ui_text	Supernova - An explosion at the end of a massive star's life cycle. \n\n\n\n\n\n\n\n\n\nAfter a supernova, the star is either completely destroyed, or the remaining matter condenses into a neutron star or a blackhole. 	超新星——大质量恒星在生命周期末期发生的爆炸。\n\n\n\n\n\n\n\n\n\n超新星爆发后，恒星要么完全毁灭，要么剩余物质凝聚成中子星或黑洞。
833473030	ui_text	(Programmer's Note: Accurate Depiction)	（程序员注：准确还原）
700109104	ui_text	(Astronomer's Note: Not true ^ )	（天文学家注：才不对 ^）
1705340217	ui_text	<u>Swadesh List</u> - A list of words likely defined in every human language\n\n8 words from Morris Swadesh's 1971 List: \n1. I\n2. One\n3. Not\n4. Person\n5. Big \n6. What\n7. Head\n8. Eat\n\nA potential Swadesh List for humans and aliens: \n\nNumber\nSequence\nZero\nOne\nFunction\nAdd \nMultiply \nExponentiate\nMove\nConstruct\nMeteor (Meteorite for Akers)\nPlanet\nStar\nDay\nAtom\nSpace\nTime\nRadio Wave\nTransmission\nLanguage\nCommunicate\nLife\nBegin Life\nDie\nReproduce\nGoal\nAlien (Them)\nAlien (Us)\n\n\n	<u>斯瓦迪士核心词表</u>——一份很可能在每种人类语言中都有对应概念的词语清单\n\n莫里斯·斯瓦迪士 1971 年词表中的 8 个词：\n1. 我\n2. 一\n3. 不\n4. 人\n5. 大\n6. 什么\n7. 头\n8. 吃\n\n一份人类与外星生物都可能适用的斯瓦迪士核心词表：\n\n数字\n序列\n零\n一\n函数\n加\n乘\n乘方\n移动\n构造\n陨石（埃克斯会纠正：不是流星）\n行星\n恒星\n日\n原子\n空间\n时间\n无线电波\n传输\n语言\n交流\n生命\n诞生\n死亡\n繁殖\n目标\n外星生物（他们）\n外星生物（我们）\n\n\n
489464187	ui_text	The Speed of Light - The speed of light is the fastest speed at which matter, energy, or information can travel. \n\nThe speed of light in a vacuum: \n\n299,792,458 meters per second	光速——物质、能量或信息能够传播的最快速度。\n\n真空中的光速：\n\n299,792,458 米每秒
1571586264	ui_text	<u>Decay Mode</u> - the different routes by which an atom will undergo radioactive decay. \n\nBelow is a non-exhaustive list of decay modes, a brief description, and the resulting change in the nucleus that underwent decay. \n(Z = Proton, N = Neutron)\n\n<u>Alpha Emission</u>\n1 Alpha particle is emitted. An alpha particle is the same as a helium nucleus, 2 protons, 2 neutrons. \nNucleus Change: -2 Z, -2 N\n\n<u>Beta(+) Decay</u>\nA proton is converted into a neutron. \nNucleus Change: - 1 Z, + 1 N\n\n<u>Beta(-) Decay</u> \nA neutron is converted into a proton. \nNucleus Change: + 1 Z, - 1 N\n\n<u>Proton Emission</u> \nA proton is ejected \nNucleus Change: - 1 Z\n\n<u>Neutron Emission</u>\nA neutron is ejected\nNucleus Change: -1 N\n\n<u>Gamma Decay</u>\nEmits high energy photons, gamma ray radiation \nNucleus Change: No Change\n\n<u>Spontaneous Fission</u> \nResults in 2 or more lighter nuclei\nNucleus Change: New, smaller nuclei formed\n\nThe opposite of <u>Nuclear Fission</u> is <u>Nuclear Fusion</u>, the process of combining multiple lighter nuclei into 1 heavier nucleus. \n	<u>衰变方式</u>——原子发生放射性衰变的不同途径。\n\n以下列出一份并不穷尽的衰变方式，附有简短说明及衰变后原子核的变化。\n（Z = 质子，N = 中子）\n\n<u>阿尔法发射</u>\n发射 1 个阿尔法粒子。阿尔法粒子等同于氦原子核，含 2 个质子和 2 个中子。\n原子核变化：-2 Z、-2 N\n\n<u>贝塔(+)衰变</u>\n一个质子转化为中子。\n原子核变化：-1 Z、+1 N\n\n<u>贝塔(-)衰变</u>\n一个中子转化为质子。\n原子核变化：+1 Z、-1 N\n\n<u>质子发射</u>\n释放一个质子\n原子核变化：-1 Z\n\n<u>中子发射</u>\n释放一个中子\n原子核变化：-1 N\n\n<u>伽马衰变</u>\n发射高能光子，即伽马射线\n原子核变化：无变化\n\n<u>自发裂变</u>\n产生两个或更多较轻的原子核\n原子核变化：形成新的较小原子核\n\n<u>核裂变</u>的相反过程是<u>核聚变</u>，即多个较轻原子核结合成一个较重原子核的过程。\n
989722491	ui_text	REFERENCE	参考
563352167	ui_text	Valence Electrons - Electrons that are able to be shared via chemical bonds. \n\nElectrons orbit the nucleus of an atom in shells. Only electrons in the outermost shell can be shared via bonding. These are valence electrons. \n\nElements in the periodic table are grouped into columns (Groups) by their number of valence electrons. Elements within the same group share similar chemical properties. \n\nNoble Gases - Elements in group 18 have a full configuration of valence electrons, so none are shared. This makes them "noble" and they do not form chemical bonds. Helium (2) and Neon (10) are examples of noble gases.  \n\n	价电子——能够通过化学键共享的电子。\n\n电子在不同电子层中绕原子核运动。只有最外层电子能够通过成键共享，它们就是价电子。\n\n元素周期表根据价电子数把元素划分为不同列（族）。同族元素拥有相似的化学性质。\n\n稀有气体——第 18 族元素的价电子层结构完整，不会共享电子。这使它们性质“惰性”，不会形成化学键。氦（2）和氖（10）都是稀有气体。\n\n
756143340	ui_text	White Dwarf Star - A stellar remnant that no longer conducts nuclear fusion. \n\n\n\n\n\n\nThe vast majority of stars eventually become white dwarf stars because they do not have enough mass to condense into a neutron star or blackhole.  	白矮星——不再进行核聚变的恒星残骸。\n\n\n\n\n\n\n绝大多数恒星最终都会变成白矮星，因为质量不足以凝聚成中子星或黑洞。  
973089503	ui_text	(Astronomer's Note: They still are bright and hot from residual heat)	（天文学家注：它们仍会因余热而明亮炽热）
64397353	ui_text	Word Classes categorize words by their syntactic and grammatical use. \n\nWord classes are closely related to Parts of Speech. \n\nWord classes vary by language. Here are some word classes useful for organizing words across different languages, along with an example sentence. \n\n"Dr. Akers very quickly ate a delicious cheeseburger at 'Hot Patties'." \n\n1. <u>Nouns</u> - Objects & concepts. Function in a sentence as the subject performing an action (doer noun) or as an object being affected by an action (doneto noun). Nouns also provide additional context.  \n\n'Dr. Akers', 'cheeseburger', and 'Hot Patties' are nouns. \n\n<u>Pronouns</u> (such as "He", "We", "Her", "You", "I", and "They") are types of nouns that stand in for another noun. \n\n2. <u>Verbs</u> - Actions. Function in a sentence as an action or process performed. \n\n'ate' is a verb (the past-tense inflection of 'eat')\n\n3. <u>Adjectives</u> - Function in a sentence to describe nouns. \n\n'delicious' is an adjective. \n\nSome frameworks describe articles and determiners, words like "a" and "the" that clarify and specify nouns, as subclasses of adjectives. \n\n4. <u>Adverbs</u> - Function in a sentence to describe other adjectives, verbs, or adverbs. Describe the quality of a description or action. \n\n'very' and 'quickly' are adverbs. \n\nMany languages and frameworks group adjectives and adverbs as one class, as they both perform the function of description. \n\n5. <u>Preposition</u> - Function to relate to nouns. \n\n"at" is a preposition (it relates where the cheeseburger eating occurred to the restaurant 'Hot Patties'). \n\n6. <u>Conjunction</u> - Function to chain, relate, and separate independent thoughts and phrases. \n\n"I hope you read this sentence, and I hope you can find that the conjunction is 'and'." \n\n7. <u>Particle</u> - Function to mark the functional impact of a word. \n\nIn Japanese, the word pronounced 'wa' is a particle that follows the subject or topic of a sentence.  \n\n\n\n	词类按照词语在句法和语法中的用途进行分类。\n\n词类与词性密切相关。\n\n不同语言的词类有所不同。下面列出一些有助于跨语言整理词语的词类，并附例句。\n\n“埃克斯博士在‘热辣肉饼’很快吃下了一个非常美味的芝士汉堡。”\n\n1. <u>名词</u>——物体与概念。在句中可作执行动作的主语（施事名词），或作受动作影响的宾语（受事名词）。名词还可提供额外语境。\n\n“埃克斯博士”“芝士汉堡”和“热辣肉饼”都是名词。\n\n<u>代词</u>（例如“他”“我们”“她”“你”“我”和“他们”）是一类代替其他名词的名词。\n\n2. <u>动词</u>——动作。在句中表示所执行的动作或过程。\n\n“吃下”是动词（“吃”的过去时屈折形式）\n\n3. <u>形容词</u>——在句中修饰名词。\n\n“美味”是形容词。\n\n有些理论把冠词和限定词——如用来明确、限定名词的“a”和“the”——视为形容词的子类。\n\n4. <u>副词</u>——在句中修饰形容词、动词或其他副词，说明描述或动作的程度与方式。\n\n“非常”和“很快”都是副词。\n\n许多语言和理论把形容词与副词归为一类，因为二者都承担描述功能。\n\n5. <u>介词</u>——用于联系名词。\n\n“at”是介词（它把吃芝士汉堡这件事的地点与餐厅“热辣肉饼”联系起来）。\n\n6. <u>连词</u>——用于串联、联系或分隔独立的想法和短语。\n\n“希望你读完这句话，也希望你能发现这里的连词是‘和’。”\n\n7. <u>助词</u>——用于标记词语的功能作用。\n\n在日语中，读作“wa”的词是一个助词，位于句子的主语或主题之后。\n\n\n\n
513054619	ui_text	SPLIT COLORS	色彩分离
184175480	ui_text	(for advancing dialogues)	（用于推进对话）
663002369	ui_text	RIGHT-CLICK KEY:	[TAB]	右键键位：	[TAB]
950693364	ui_text	AMBIENT	环境音
1580787089	ui_text	COLORS	色彩
1328820454	ui_text	CURSOR	光标
1383038914	ui_text	DIALOGUE	对话
1599151473	ui_text	Prevents dialogues that respond to dictionary entries. 	禁止触发回应词典条目的对话。
1604426301	ui_text	NO HINTING DIALOGUE	关闭提示对话
328377158	ui_text	DISTORTIONS	失真效果
268762371	ui_text	LIMIT FRAMERATE	限制帧率
197737999	ui_text	FULLSCREEN	全屏
816993653	ui_text	GAMEPLAY	游戏
74203630	ui_text	Submit: CTRL + E\n   CTRL + Enter\nInput/Output: CTRL + R\nRecompile: CTRL + T\nSkip Dialogue: Ctrl + Q	提交：CTRL + E\n   CTRL + Enter\n输入／输出：CTRL + R\n重新编译：CTRL + T\n跳过对话：Ctrl + Q
1169925476	ui_text	GRAPHICS	图像
888792477	ui_text	HOTKEYS	快捷键
1862540494	ui_text	AUDIO	音频
671674593	ui_text	CONTROLS	控制
1685914409	ui_text	High	高
1400796211	ui_text	Prevents dialogues that could hint about transmissions.\nOnly recommend disabling hints for multi-disciplinary teams.	禁止播放可能提示传输内容的对话。\n仅建议多学科团队关闭提示。
311743101	ui_text	LOW BLEND	低混合
127079457	ui_text	Low\n	低\n
1325617119	ui_text	MASTER	主音量
2060149114	ui_text	Mid	中
631514024	ui_text	MUSIC	音乐
1760179301	ui_text	Voluntary Ideas, End of Week Meetings, and Computer update dialogues still play	自发想法、周末会议及计算机更新对话仍会播放
1857703685	ui_text	NO DIALOGUES	关闭对话
1808159793	ui_text	NO DICTIONARY DIALOGUES	关闭词典对话
1942770841	ui_text	QUALITY	质量
1887467649	ui_text	RUN IN BACKGROUND	后台运行
257598840	ui_text	SFX	音效
1503486175	ui_text	SCANLINE MOTION	扫描线移动
2027021046	ui_text	SCANLINES	扫描线
414009807	ui_text	SCANLINES	扫描线
723747388	ui_text	SCREEN DISTORTIONS	屏幕失真
1916131348	ui_text	SCREENSAVER	屏幕保护
94568748	ui_text	SCROLL	滚动
1153892081	ui_text	Uncapped	不限制
51567462	ui_text	OBJECTS	物体
1820010219	ui_text	UNNECESSARY OBJECTS	多余物体
1562341328	ui_text	WINDOW	窗口
318180025	ui_text	windowed borderless	无边框窗口
1799044500	ui_text	WINDOWED	窗口化
709199118	ui_text	SETTINGS	设置
749450057	ui_text	ACHIEVEMENTS	成就
743008396	ui_text	CALCULATOR	计算器
939519029	ui_text	CALENDAR	日历
723406756	ui_text	DICTIONARY	词典
1957868906	ui_text	FLIGHT	飞行
566592111	ui_text	IDEAS	想法
923097282	ui_text	LOG	日志
1940135993	ui_text	MENU	菜单
1209374154	ui_text	TRANSMISSIONS	传输
401805094	ui_text	REFERENCE	参考
784311284	ui_text	SETTINGS	设置
869255262	ui_text	VISUAL	图像
2019736490	ui_text	WHITEBOARD	白板
1913979172	ui_text	COLOR INPUTS RANGE FROM 0-64	颜色输入范围为 0-64
2087926539	ui_text	Human Visual Spectrum: 380-750 nm\nAlien Visual Spectrum: 180-700 nm	人类可见光谱：380-750 nm\n外星可见光谱：180-700 nm
882734638	ui_text	METEOR COLOR:	陨石颜色：
1258388568	ui_text	- colors	- 颜色
1773776780	ui_text	Grayscale	灰度
1808044328	ui_text	SPECTRUM POINT: 00%	光谱位置：00%
1850236758	ui_text	ULTRA\nVIOLET	紫外\n光
1051348042	ui_text	VISIBLE LIGHT\n(HUMAN)	可见光\n（人类）
2125938096	ui_text	VISUAL	图像
2147256761	ui_text	ALIGN	对齐
937359295	ui_text	COLORS	色彩
1565280759	ui_text	COLOR	颜色
1677451883	ui_text	CURRENT	当前
439786996	ui_text	*** Invalid Transmission ID ***	*** 传输 ID 无效 ***
2058199134	ui_text	*** What ***	*** 什么情况 ***
1814515211	ui_text	*** No Visual in 000 ***	*** 000 中没有图像 ***
132269763	ui_text	*** Visual Available ***	*** 有新图像 ***
1900899275	ui_text	Oh No! Line Limit Reached!!	糟糕！已达到线条上限！！
299318536	ui_text	Too many points, line ended	点数过多，线条已结束
125022165	ui_text	WHITEBOARD	白板
1175266081	ui_text	PLACEHOLDER BREAK ROOM	休息室占位文本
773251169	ui_text	Transmission 74	第 74 段传输
910460281	ui_text	\n\n\n\n\nGame by Applesinmypants\n\n\n\n\n\n\n3D Art - Jim Henderson\n\nBautista Polaroid - Miguel San Juan\n\nOutreach - Ricky Hart\n\n\n\n\nSpecial Thank You to: \nChristine\nMom & Dad\nAria & James\nJaeger & Stormy\nOzzie\nOmar\n\nPlaytesting and Support  :)\n\nTesseract\nPoorOrpheus\nClay\nTy\nDonny \nCody\nElian\nOmar\nJunior Moxley\nKuba Banasilk\nAlex\nJJ Gibson\nNytohan\nlinegend\nGrammar Sheriff\nAmerican Gamer\nPenguinnit\nJakali\nHunterSpace46\nWhiteShadow\nVal\nEric Niu\nAlwinfy\nfizzuya\nMetamourtyline\nKanadian Kitsune\nDamnTM\nLuce7\nkonstans\nkindigo\nTerrorpaw\nspacemans\ngood bird\nLOST\nGuardian\nThomasTheCentipede\nUsedAtomicBomb\ntatatatatatapooooo\nSszz127\nIris\nMichaelwestborn\nclownenthusiast\nZero\nHarry S\nfriedlyDDW\nKet\ndigowigo\nJohn Wright\nWhompratt\nCotawa11\nChikku\nTrophy\nMibik\nArgenia Arumtula\ngeneralrelativityisanidiot\nTurtleCat\ncara\nBirby\nMasonator\nComputerCake\nqlje\nGauss\nFinn\nS4TURNZ3RO\nT_rannosaurus\nNinja04\nwizardlizard\nAlyxDrums\nLaika\nRussian Mike\nmanumaker08\nSuprSBG\nDr. TightPants\nESK\nLonicera\nlpinfinity\nBluettecuddler\nLord Kaki Pipi Skeleton Man Eater\nZane\nDancingtree444\nCamberCYM\nlightningstudios\nTheRoyalGuard001\nHarrietJumpJet\nleroy\nMarius\nKeriel\nCrossheir\nlethargy\nAttikitty\nDharlome\nXrax\nPengü\ntheoccupied\nLidix\nTonicDolphin5\nThe Bread Man\n[object Object]\nSubmerged Mango\nVermilisix\nDer_Body\nwizard_conkh\nnmendio\nRefineries\nKiiyoko\nLexi\nRiptide3\nGenerous\n01123581321345589144233377610987\nhad and\nMaid thing\n\n\n\n\nThis was… \n\n\nThe Message from Deep Space\n	\n\n\n\n\nApplesinmypants 制作\n\n\n\n\n\n\n3D 美术 - Jim Henderson\n\n巴蒂斯塔拍立得照片 - Miguel San Juan\n\n宣传联络 - Ricky Hart\n\n\n\n\n特别感谢：\nChristine\n妈妈和爸爸\nAria & James\nJaeger & Stormy\nOzzie\nOmar\n\n测试与支持  :)\n\nTesseract\nPoorOrpheus\nClay\nTy\nDonny \nCody\nElian\nOmar\nJunior Moxley\nKuba Banasilk\nAlex\nJJ Gibson\nNytohan\nlinegend\nGrammar Sheriff\nAmerican Gamer\nPenguinnit\nJakali\nHunterSpace46\nWhiteShadow\nVal\nEric Niu\nAlwinfy\nfizzuya\nMetamourtyline\nKanadian Kitsune\nDamnTM\nLuce7\nkonstans\nkindigo\nTerrorpaw\nspacemans\ngood bird\nLOST\nGuardian\nThomasTheCentipede\nUsedAtomicBomb\ntatatatatatapooooo\nSszz127\nIris\nMichaelwestborn\nclownenthusiast\nZero\nHarry S\nfriedlyDDW\nKet\ndigowigo\nJohn Wright\nWhompratt\nCotawa11\nChikku\nTrophy\nMibik\nArgenia Arumtula\ngeneralrelativityisanidiot\nTurtleCat\ncara\nBirby\nMasonator\nComputerCake\nqlje\nGauss\nFinn\nS4TURNZ3RO\nT_rannosaurus\nNinja04\nwizardlizard\nAlyxDrums\nLaika\nRussian Mike\nmanumaker08\nSuprSBG\nDr. TightPants\nESK\nLonicera\nlpinfinity\nBluettecuddler\nLord Kaki Pipi Skeleton Man Eater\nZane\nDancingtree444\nCamberCYM\nlightningstudios\nTheRoyalGuard001\nHarrietJumpJet\nleroy\nMarius\nKeriel\nCrossheir\nlethargy\nAttikitty\nDharlome\nXrax\nPengü\ntheoccupied\nLidix\nTonicDolphin5\nThe Bread Man\n[object Object]\nSubmerged Mango\nVermilisix\nDer_Body\nwizard_conkh\nnmendio\nRefineries\nKiiyoko\nLexi\nRiptide3\nGenerous\n01123581321345589144233377610987\nhad and\nMaid thing\n\n\n\n\n这就是……\n\n\n来自深空的讯息\n
525444979	ui_text	Achievement description achievement description 	成就说明 成就说明
1714963227	ui_text	Achievement Name Achievement Name	成就名称 成就名称
606899593	ui_text	WORD	词
241528363	ui_text	LOGNAME LOGNAME LOGNAME LOGNAME	日志名称 日志名称 日志名称 日志名称
1304596120	ui_text	TRANSMISSION: 999, TIME: 99:99:99	传输：999，时间：99:99:99
1061862354	ui_text	GROUP 0 - TOPIC	第 0 组 - 主题
1132970223	ui_text	NAME SIGNAL -256	为信号 -256 命名
